[     946ms] [ERROR] Failed to load resource: the server responded with a status of 404 () @ https://docs.getdbt.com/_vercel/insights/script.js:0
[     946ms] [ERROR] Refused to execute script from 'https://docs.getdbt.com/_vercel/insights/script.js' because its MIME type ('text/html') is not executable, and strict MIME type checking is enabled. @ https://docs.getdbt.com/docs/explore/explore-projects:0
[     947ms] [LOG] [Vercel Web Analytics] Failed to load script from /_vercel/insights/script.js. Be sure to enable Web Analytics for your project and deploy again. See https://vercel.com/docs/analytics/quickstart for more information. @ https://docs.getdbt.com/assets/js/main.8feb4399.js:40
[    1434ms] [ERROR] Docusaurus React Root onRecoverableError: Error: Minified React error #418; visit https://reactjs.org/docs/error-decoder.html?invariant=418 for the full message or use the non-minified dev environment for full errors and additional helpful warnings.
    at ab (https://docs.getdbt.com/assets/js/main.8feb4399.js:4:540905)
    at l (https://docs.getdbt.com/assets/js/main.8feb4399.js:4:615516)
    at iM (https://docs.getdbt.com/assets/js/main.8feb4399.js:4:593467)
    at https://docs.getdbt.com/assets/js/main.8feb4399.js:4:588516
    at ix (https://docs.getdbt.com/assets/js/main.8feb4399.js:4:588523)
    at x (https://docs.getdbt.com/assets/js/main.8feb4399.js:11:40214)
    at MessagePort.L (https://docs.getdbt.com/assets/js/main.8feb4399.js:11:40744) {componentStack: 
    at p
    at p
    at r (https://docs.getdbt.c…s.getdbt.com/assets/js/main.8feb4399.js:4:631954), digest: null} @ https://docs.getdbt.com/assets/js/main.8feb4399.js:36
[    1434ms] [ERROR] Docusaurus React Root onRecoverableError: Error: Minified React error #418; visit https://reactjs.org/docs/error-decoder.html?invariant=418 for the full message or use the non-minified dev environment for full errors and additional helpful warnings.
    at ab (https://docs.getdbt.com/assets/js/main.8feb4399.js:4:540905)
    at l (https://docs.getdbt.com/assets/js/main.8feb4399.js:4:615693)
    at iM (https://docs.getdbt.com/assets/js/main.8feb4399.js:4:593467)
    at https://docs.getdbt.com/assets/js/main.8feb4399.js:4:588516
    at ix (https://docs.getdbt.com/assets/js/main.8feb4399.js:4:588523)
    at x (https://docs.getdbt.com/assets/js/main.8feb4399.js:11:40214)
    at MessagePort.L (https://docs.getdbt.com/assets/js/main.8feb4399.js:11:40744) {componentStack: 
    at u (https://docs.getdbt.com/assets/js/8c673…s.getdbt.com/assets/js/main.8feb4399.js:4:631954), digest: null} @ https://docs.getdbt.com/assets/js/main.8feb4399.js:36
[    1434ms] [ERROR] Docusaurus React Root onRecoverableError: Error: Minified React error #418; visit https://reactjs.org/docs/error-decoder.html?invariant=418 for the full message or use the non-minified dev environment for full errors and additional helpful warnings.
    at ab (https://docs.getdbt.com/assets/js/main.8feb4399.js:4:540905)
    at l (https://docs.getdbt.com/assets/js/main.8feb4399.js:4:615516)
    at iM (https://docs.getdbt.com/assets/js/main.8feb4399.js:4:593467)
    at https://docs.getdbt.com/assets/js/main.8feb4399.js:4:588516
    at ix (https://docs.getdbt.com/assets/js/main.8feb4399.js:4:588523)
    at x (https://docs.getdbt.com/assets/js/main.8feb4399.js:11:40214)
    at MessagePort.L (https://docs.getdbt.com/assets/js/main.8feb4399.js:11:40744) {componentStack: 
    at p
    at u (https://docs.getdbt.com/assets…s.getdbt.com/assets/js/main.8feb4399.js:4:631954), digest: null} @ https://docs.getdbt.com/assets/js/main.8feb4399.js:36
[    1434ms] [ERROR] Docusaurus React Root onRecoverableError: Error: Minified React error #418; visit https://reactjs.org/docs/error-decoder.html?invariant=418 for the full message or use the non-minified dev environment for full errors and additional helpful warnings.
    at ab (https://docs.getdbt.com/assets/js/main.8feb4399.js:4:540905)
    at l (https://docs.getdbt.com/assets/js/main.8feb4399.js:4:615693)
    at iM (https://docs.getdbt.com/assets/js/main.8feb4399.js:4:593467)
    at https://docs.getdbt.com/assets/js/main.8feb4399.js:4:588516
    at ix (https://docs.getdbt.com/assets/js/main.8feb4399.js:4:588523)
    at x (https://docs.getdbt.com/assets/js/main.8feb4399.js:11:40214)
    at MessagePort.L (https://docs.getdbt.com/assets/js/main.8feb4399.js:11:40744) {componentStack: 
    at u (https://docs.getdbt.com/assets/js/8c673…s.getdbt.com/assets/js/main.8feb4399.js:4:631954), digest: null} @ https://docs.getdbt.com/assets/js/main.8feb4399.js:36
[    1434ms] [ERROR] Docusaurus React Root onRecoverableError: Error: Minified React error #418; visit https://reactjs.org/docs/error-decoder.html?invariant=418 for the full message or use the non-minified dev environment for full errors and additional helpful warnings.
    at ab (https://docs.getdbt.com/assets/js/main.8feb4399.js:4:540905)
    at l (https://docs.getdbt.com/assets/js/main.8feb4399.js:4:615516)
    at iM (https://docs.getdbt.com/assets/js/main.8feb4399.js:4:593467)
    at https://docs.getdbt.com/assets/js/main.8feb4399.js:4:588516
    at ix (https://docs.getdbt.com/assets/js/main.8feb4399.js:4:588523)
    at x (https://docs.getdbt.com/assets/js/main.8feb4399.js:11:40214)
    at MessagePort.L (https://docs.getdbt.com/assets/js/main.8feb4399.js:11:40744) {componentStack: 
    at h2
    at d (https://docs.getdbt.com/asset…s.getdbt.com/assets/js/main.8feb4399.js:4:631954), digest: null} @ https://docs.getdbt.com/assets/js/main.8feb4399.js:36
[    1435ms] [ERROR] Docusaurus React Root onRecoverableError: Error: Minified React error #418; visit https://reactjs.org/docs/error-decoder.html?invariant=418 for the full message or use the non-minified dev environment for full errors and additional helpful warnings.
    at ab (https://docs.getdbt.com/assets/js/main.8feb4399.js:4:540905)
    at l (https://docs.getdbt.com/assets/js/main.8feb4399.js:4:615693)
    at iM (https://docs.getdbt.com/assets/js/main.8feb4399.js:4:593467)
    at https://docs.getdbt.com/assets/js/main.8feb4399.js:4:588516
    at ix (https://docs.getdbt.com/assets/js/main.8feb4399.js:4:588523)
    at x (https://docs.getdbt.com/assets/js/main.8feb4399.js:11:40214)
    at MessagePort.L (https://docs.getdbt.com/assets/js/main.8feb4399.js:11:40744) {componentStack: 
    at u (https://docs.getdbt.com/assets/js/8c673…s.getdbt.com/assets/js/main.8feb4399.js:4:631954), digest: null} @ https://docs.getdbt.com/assets/js/main.8feb4399.js:36
[    1435ms] [ERROR] Docusaurus React Root onRecoverableError: Error: Minified React error #418; visit https://reactjs.org/docs/error-decoder.html?invariant=418 for the full message or use the non-minified dev environment for full errors and additional helpful warnings.
    at ab (https://docs.getdbt.com/assets/js/main.8feb4399.js:4:540905)
    at l (https://docs.getdbt.com/assets/js/main.8feb4399.js:4:615516)
    at iM (https://docs.getdbt.com/assets/js/main.8feb4399.js:4:593467)
    at https://docs.getdbt.com/assets/js/main.8feb4399.js:4:588516
    at ix (https://docs.getdbt.com/assets/js/main.8feb4399.js:4:588523)
    at x (https://docs.getdbt.com/assets/js/main.8feb4399.js:11:40214)
    at MessagePort.L (https://docs.getdbt.com/assets/js/main.8feb4399.js:11:40744) {componentStack: 
    at ul
    at a (https://docs.getdbt.com/asset…s.getdbt.com/assets/js/main.8feb4399.js:4:631954), digest: null} @ https://docs.getdbt.com/assets/js/main.8feb4399.js:36
[    1435ms] [ERROR] Docusaurus React Root onRecoverableError: Error: Minified React error #418; visit https://reactjs.org/docs/error-decoder.html?invariant=418 for the full message or use the non-minified dev environment for full errors and additional helpful warnings.
    at ab (https://docs.getdbt.com/assets/js/main.8feb4399.js:4:540905)
    at l (https://docs.getdbt.com/assets/js/main.8feb4399.js:4:615693)
    at iM (https://docs.getdbt.com/assets/js/main.8feb4399.js:4:593467)
    at https://docs.getdbt.com/assets/js/main.8feb4399.js:4:588516
    at ix (https://docs.getdbt.com/assets/js/main.8feb4399.js:4:588523)
    at x (https://docs.getdbt.com/assets/js/main.8feb4399.js:11:40214)
    at MessagePort.L (https://docs.getdbt.com/assets/js/main.8feb4399.js:11:40744) {componentStack: 
    at u (https://docs.getdbt.com/assets/js/8c673…s.getdbt.com/assets/js/main.8feb4399.js:4:631954), digest: null} @ https://docs.getdbt.com/assets/js/main.8feb4399.js:36
[    1435ms] [ERROR] Docusaurus React Root onRecoverableError: Error: Minified React error #418; visit https://reactjs.org/docs/error-decoder.html?invariant=418 for the full message or use the non-minified dev environment for full errors and additional helpful warnings.
    at ab (https://docs.getdbt.com/assets/js/main.8feb4399.js:4:540905)
    at l (https://docs.getdbt.com/assets/js/main.8feb4399.js:4:615693)
    at iM (https://docs.getdbt.com/assets/js/main.8feb4399.js:4:593467)
    at https://docs.getdbt.com/assets/js/main.8feb4399.js:4:588516
    at ix (https://docs.getdbt.com/assets/js/main.8feb4399.js:4:588523)
    at x (https://docs.getdbt.com/assets/js/main.8feb4399.js:11:40214)
    at MessagePort.L (https://docs.getdbt.com/assets/js/main.8feb4399.js:11:40744) {componentStack: 
    at u (https://docs.getdbt.com/assets/js/8c673…s.getdbt.com/assets/js/main.8feb4399.js:4:631954), digest: null} @ https://docs.getdbt.com/assets/js/main.8feb4399.js:36
[    1435ms] [ERROR] Docusaurus React Root onRecoverableError: Error: Minified React error #418; visit https://reactjs.org/docs/error-decoder.html?invariant=418 for the full message or use the non-minified dev environment for full errors and additional helpful warnings.
    at ab (https://docs.getdbt.com/assets/js/main.8feb4399.js:4:540905)
    at l (https://docs.getdbt.com/assets/js/main.8feb4399.js:4:615516)
    at iM (https://docs.getdbt.com/assets/js/main.8feb4399.js:4:593467)
    at https://docs.getdbt.com/assets/js/main.8feb4399.js:4:588516
    at ix (https://docs.getdbt.com/assets/js/main.8feb4399.js:4:588523)
    at x (https://docs.getdbt.com/assets/js/main.8feb4399.js:11:40214)
    at MessagePort.L (https://docs.getdbt.com/assets/js/main.8feb4399.js:11:40744) {componentStack: 
    at h2
    at d (https://docs.getdbt.com/asset…s.getdbt.com/assets/js/main.8feb4399.js:4:631954), digest: null} @ https://docs.getdbt.com/assets/js/main.8feb4399.js:36
[    1435ms] [ERROR] Docusaurus React Root onRecoverableError: Error: Minified React error #418; visit https://reactjs.org/docs/error-decoder.html?invariant=418 for the full message or use the non-minified dev environment for full errors and additional helpful warnings.
    at ab (https://docs.getdbt.com/assets/js/main.8feb4399.js:4:540905)
    at l (https://docs.getdbt.com/assets/js/main.8feb4399.js:4:615693)
    at iM (https://docs.getdbt.com/assets/js/main.8feb4399.js:4:593467)
    at https://docs.getdbt.com/assets/js/main.8feb4399.js:4:588516
    at ix (https://docs.getdbt.com/assets/js/main.8feb4399.js:4:588523)
    at x (https://docs.getdbt.com/assets/js/main.8feb4399.js:11:40214)
    at MessagePort.L (https://docs.getdbt.com/assets/js/main.8feb4399.js:11:40744) {componentStack: 
    at d (https://docs.getdbt.com/assets/js/8c673…s.getdbt.com/assets/js/main.8feb4399.js:4:631954), digest: null} @ https://docs.getdbt.com/assets/js/main.8feb4399.js:36
[    1435ms] [ERROR] Docusaurus React Root onRecoverableError: Error: Minified React error #418; visit https://reactjs.org/docs/error-decoder.html?invariant=418 for the full message or use the non-minified dev environment for full errors and additional helpful warnings.
    at ab (https://docs.getdbt.com/assets/js/main.8feb4399.js:4:540905)
    at l (https://docs.getdbt.com/assets/js/main.8feb4399.js:4:615516)
    at iM (https://docs.getdbt.com/assets/js/main.8feb4399.js:4:593467)
    at https://docs.getdbt.com/assets/js/main.8feb4399.js:4:588516
    at ix (https://docs.getdbt.com/assets/js/main.8feb4399.js:4:588523)
    at x (https://docs.getdbt.com/assets/js/main.8feb4399.js:11:40214)
    at MessagePort.L (https://docs.getdbt.com/assets/js/main.8feb4399.js:11:40744) {componentStack: 
    at p
    at d (https://docs.getdbt.com/assets…s.getdbt.com/assets/js/main.8feb4399.js:4:631954), digest: null} @ https://docs.getdbt.com/assets/js/main.8feb4399.js:36
[    1435ms] [ERROR] Docusaurus React Root onRecoverableError: Error: Minified React error #418; visit https://reactjs.org/docs/error-decoder.html?invariant=418 for the full message or use the non-minified dev environment for full errors and additional helpful warnings.
    at ab (https://docs.getdbt.com/assets/js/main.8feb4399.js:4:540905)
    at l (https://docs.getdbt.com/assets/js/main.8feb4399.js:4:615693)
    at iM (https://docs.getdbt.com/assets/js/main.8feb4399.js:4:593467)
    at https://docs.getdbt.com/assets/js/main.8feb4399.js:4:588516
    at ix (https://docs.getdbt.com/assets/js/main.8feb4399.js:4:588523)
    at x (https://docs.getdbt.com/assets/js/main.8feb4399.js:11:40214)
    at MessagePort.L (https://docs.getdbt.com/assets/js/main.8feb4399.js:11:40744) {componentStack: 
    at d (https://docs.getdbt.com/assets/js/8c673…s.getdbt.com/assets/js/main.8feb4399.js:4:631954), digest: null} @ https://docs.getdbt.com/assets/js/main.8feb4399.js:36
[    1435ms] [ERROR] Docusaurus React Root onRecoverableError: Error: Minified React error #418; visit https://reactjs.org/docs/error-decoder.html?invariant=418 for the full message or use the non-minified dev environment for full errors and additional helpful warnings.
    at ab (https://docs.getdbt.com/assets/js/main.8feb4399.js:4:540905)
    at l (https://docs.getdbt.com/assets/js/main.8feb4399.js:4:615516)
    at iM (https://docs.getdbt.com/assets/js/main.8feb4399.js:4:593467)
    at https://docs.getdbt.com/assets/js/main.8feb4399.js:4:588516
    at ix (https://docs.getdbt.com/assets/js/main.8feb4399.js:4:588523)
    at x (https://docs.getdbt.com/assets/js/main.8feb4399.js:11:40214)
    at MessagePort.L (https://docs.getdbt.com/assets/js/main.8feb4399.js:11:40744) {componentStack: 
    at p
    at d (https://docs.getdbt.com/assets…s.getdbt.com/assets/js/main.8feb4399.js:4:631954), digest: null} @ https://docs.getdbt.com/assets/js/main.8feb4399.js:36
[    1435ms] [ERROR] Docusaurus React Root onRecoverableError: Error: Minified React error #418; visit https://reactjs.org/docs/error-decoder.html?invariant=418 for the full message or use the non-minified dev environment for full errors and additional helpful warnings.
    at ab (https://docs.getdbt.com/assets/js/main.8feb4399.js:4:540905)
    at l (https://docs.getdbt.com/assets/js/main.8feb4399.js:4:615693)
    at iM (https://docs.getdbt.com/assets/js/main.8feb4399.js:4:593467)
    at https://docs.getdbt.com/assets/js/main.8feb4399.js:4:588516
    at ix (https://docs.getdbt.com/assets/js/main.8feb4399.js:4:588523)
    at x (https://docs.getdbt.com/assets/js/main.8feb4399.js:11:40214)
    at MessagePort.L (https://docs.getdbt.com/assets/js/main.8feb4399.js:11:40744) {componentStack: 
    at d (https://docs.getdbt.com/assets/js/8c673…s.getdbt.com/assets/js/main.8feb4399.js:4:631954), digest: null} @ https://docs.getdbt.com/assets/js/main.8feb4399.js:36
[    1435ms] [ERROR] Docusaurus React Root onRecoverableError: Error: Minified React error #418; visit https://reactjs.org/docs/error-decoder.html?invariant=418 for the full message or use the non-minified dev environment for full errors and additional helpful warnings.
    at ab (https://docs.getdbt.com/assets/js/main.8feb4399.js:4:540905)
    at l (https://docs.getdbt.com/assets/js/main.8feb4399.js:4:615516)
    at iM (https://docs.getdbt.com/assets/js/main.8feb4399.js:4:593467)
    at https://docs.getdbt.com/assets/js/main.8feb4399.js:4:588516
    at ix (https://docs.getdbt.com/assets/js/main.8feb4399.js:4:588523)
    at x (https://docs.getdbt.com/assets/js/main.8feb4399.js:11:40214)
    at MessagePort.L (https://docs.getdbt.com/assets/js/main.8feb4399.js:11:40744) {componentStack: 
    at h2
    at d (https://docs.getdbt.com/asset…s.getdbt.com/assets/js/main.8feb4399.js:4:631954), digest: null} @ https://docs.getdbt.com/assets/js/main.8feb4399.js:36
[    1435ms] [ERROR] Docusaurus React Root onRecoverableError: Error: Minified React error #418; visit https://reactjs.org/docs/error-decoder.html?invariant=418 for the full message or use the non-minified dev environment for full errors and additional helpful warnings.
    at ab (https://docs.getdbt.com/assets/js/main.8feb4399.js:4:540905)
    at l (https://docs.getdbt.com/assets/js/main.8feb4399.js:4:615693)
    at iM (https://docs.getdbt.com/assets/js/main.8feb4399.js:4:593467)
    at https://docs.getdbt.com/assets/js/main.8feb4399.js:4:588516
    at ix (https://docs.getdbt.com/assets/js/main.8feb4399.js:4:588523)
    at x (https://docs.getdbt.com/assets/js/main.8feb4399.js:11:40214)
    at MessagePort.L (https://docs.getdbt.com/assets/js/main.8feb4399.js:11:40744) {componentStack: 
    at d (https://docs.getdbt.com/assets/js/8c673…s.getdbt.com/assets/js/main.8feb4399.js:4:631954), digest: null} @ https://docs.getdbt.com/assets/js/main.8feb4399.js:36
[    1435ms] [ERROR] Docusaurus React Root onRecoverableError: Error: Minified React error #418; visit https://reactjs.org/docs/error-decoder.html?invariant=418 for the full message or use the non-minified dev environment for full errors and additional helpful warnings.
    at ab (https://docs.getdbt.com/assets/js/main.8feb4399.js:4:540905)
    at l (https://docs.getdbt.com/assets/js/main.8feb4399.js:4:615516)
    at iM (https://docs.getdbt.com/assets/js/main.8feb4399.js:4:593467)
    at https://docs.getdbt.com/assets/js/main.8feb4399.js:4:588516
    at ix (https://docs.getdbt.com/assets/js/main.8feb4399.js:4:588523)
    at x (https://docs.getdbt.com/assets/js/main.8feb4399.js:11:40214)
    at MessagePort.L (https://docs.getdbt.com/assets/js/main.8feb4399.js:11:40744) {componentStack: 
    at p
    at d (https://docs.getdbt.com/assets…s.getdbt.com/assets/js/main.8feb4399.js:4:631954), digest: null} @ https://docs.getdbt.com/assets/js/main.8feb4399.js:36
[    1435ms] [ERROR] Docusaurus React Root onRecoverableError: Error: Minified React error #418; visit https://reactjs.org/docs/error-decoder.html?invariant=418 for the full message or use the non-minified dev environment for full errors and additional helpful warnings.
    at ab (https://docs.getdbt.com/assets/js/main.8feb4399.js:4:540905)
    at l (https://docs.getdbt.com/assets/js/main.8feb4399.js:4:615693)
    at iM (https://docs.getdbt.com/assets/js/main.8feb4399.js:4:593467)
    at https://docs.getdbt.com/assets/js/main.8feb4399.js:4:588516
    at ix (https://docs.getdbt.com/assets/js/main.8feb4399.js:4:588523)
    at x (https://docs.getdbt.com/assets/js/main.8feb4399.js:11:40214)
    at MessagePort.L (https://docs.getdbt.com/assets/js/main.8feb4399.js:11:40744) {componentStack: 
    at d (https://docs.getdbt.com/assets/js/8c673…s.getdbt.com/assets/js/main.8feb4399.js:4:631954), digest: null} @ https://docs.getdbt.com/assets/js/main.8feb4399.js:36
[    1435ms] [ERROR] Docusaurus React Root onRecoverableError: Error: Minified React error #418; visit https://reactjs.org/docs/error-decoder.html?invariant=418 for the full message or use the non-minified dev environment for full errors and additional helpful warnings.
    at ab (https://docs.getdbt.com/assets/js/main.8feb4399.js:4:540905)
    at l (https://docs.getdbt.com/assets/js/main.8feb4399.js:4:615516)
    at iM (https://docs.getdbt.com/assets/js/main.8feb4399.js:4:593467)
    at https://docs.getdbt.com/assets/js/main.8feb4399.js:4:588516
    at ix (https://docs.getdbt.com/assets/js/main.8feb4399.js:4:588523)
    at x (https://docs.getdbt.com/assets/js/main.8feb4399.js:11:40214)
    at MessagePort.L (https://docs.getdbt.com/assets/js/main.8feb4399.js:11:40744) {componentStack: 
    at ul
    at a (https://docs.getdbt.com/asset…s.getdbt.com/assets/js/main.8feb4399.js:4:631954), digest: null} @ https://docs.getdbt.com/assets/js/main.8feb4399.js:36
[    1436ms] [ERROR] Docusaurus React Root onRecoverableError: Error: Minified React error #418; visit https://reactjs.org/docs/error-decoder.html?invariant=418 for the full message or use the non-minified dev environment for full errors and additional helpful warnings.
    at ab (https://docs.getdbt.com/assets/js/main.8feb4399.js:4:540905)
    at l (https://docs.getdbt.com/assets/js/main.8feb4399.js:4:615693)
    at iM (https://docs.getdbt.com/assets/js/main.8feb4399.js:4:593467)
    at https://docs.getdbt.com/assets/js/main.8feb4399.js:4:588516
    at ix (https://docs.getdbt.com/assets/js/main.8feb4399.js:4:588523)
    at x (https://docs.getdbt.com/assets/js/main.8feb4399.js:11:40214)
    at MessagePort.L (https://docs.getdbt.com/assets/js/main.8feb4399.js:11:40744) {componentStack: 
    at d (https://docs.getdbt.com/assets/js/8c673…s.getdbt.com/assets/js/main.8feb4399.js:4:631954), digest: null} @ https://docs.getdbt.com/assets/js/main.8feb4399.js:36
[    1436ms] [ERROR] Docusaurus React Root onRecoverableError: Error: Minified React error #418; visit https://reactjs.org/docs/error-decoder.html?invariant=418 for the full message or use the non-minified dev environment for full errors and additional helpful warnings.
    at ab (https://docs.getdbt.com/assets/js/main.8feb4399.js:4:540905)
    at l (https://docs.getdbt.com/assets/js/main.8feb4399.js:4:615516)
    at iM (https://docs.getdbt.com/assets/js/main.8feb4399.js:4:593467)
    at https://docs.getdbt.com/assets/js/main.8feb4399.js:4:588516
    at ix (https://docs.getdbt.com/assets/js/main.8feb4399.js:4:588523)
    at x (https://docs.getdbt.com/assets/js/main.8feb4399.js:11:40214)
    at MessagePort.L (https://docs.getdbt.com/assets/js/main.8feb4399.js:11:40744) {componentStack: 
    at h3
    at d (https://docs.getdbt.com/asset…s.getdbt.com/assets/js/main.8feb4399.js:4:631954), digest: null} @ https://docs.getdbt.com/assets/js/main.8feb4399.js:36
[    1436ms] [ERROR] Docusaurus React Root onRecoverableError: Error: Minified React error #418; visit https://reactjs.org/docs/error-decoder.html?invariant=418 for the full message or use the non-minified dev environment for full errors and additional helpful warnings.
    at ab (https://docs.getdbt.com/assets/js/main.8feb4399.js:4:540905)
    at l (https://docs.getdbt.com/assets/js/main.8feb4399.js:4:615693)
    at iM (https://docs.getdbt.com/assets/js/main.8feb4399.js:4:593467)
    at https://docs.getdbt.com/assets/js/main.8feb4399.js:4:588516
    at ix (https://docs.getdbt.com/assets/js/main.8feb4399.js:4:588523)
    at x (https://docs.getdbt.com/assets/js/main.8feb4399.js:11:40214)
    at MessagePort.L (https://docs.getdbt.com/assets/js/main.8feb4399.js:11:40744) {componentStack: 
    at d (https://docs.getdbt.com/assets/js/8c673…s.getdbt.com/assets/js/main.8feb4399.js:4:631954), digest: null} @ https://docs.getdbt.com/assets/js/main.8feb4399.js:36
[    1436ms] [ERROR] Docusaurus React Root onRecoverableError: Error: Minified React error #418; visit https://reactjs.org/docs/error-decoder.html?invariant=418 for the full message or use the non-minified dev environment for full errors and additional helpful warnings.
    at ab (https://docs.getdbt.com/assets/js/main.8feb4399.js:4:540905)
    at l (https://docs.getdbt.com/assets/js/main.8feb4399.js:4:615516)
    at iM (https://docs.getdbt.com/assets/js/main.8feb4399.js:4:593467)
    at https://docs.getdbt.com/assets/js/main.8feb4399.js:4:588516
    at ix (https://docs.getdbt.com/assets/js/main.8feb4399.js:4:588523)
    at x (https://docs.getdbt.com/assets/js/main.8feb4399.js:11:40214)
    at MessagePort.L (https://docs.getdbt.com/assets/js/main.8feb4399.js:11:40744) {componentStack: 
    at p
    at d (https://docs.getdbt.com/assets…s.getdbt.com/assets/js/main.8feb4399.js:4:631954), digest: null} @ https://docs.getdbt.com/assets/js/main.8feb4399.js:36
[    1436ms] [ERROR] Docusaurus React Root onRecoverableError: Error: Minified React error #418; visit https://reactjs.org/docs/error-decoder.html?invariant=418 for the full message or use the non-minified dev environment for full errors and additional helpful warnings.
    at ab (https://docs.getdbt.com/assets/js/main.8feb4399.js:4:540905)
    at l (https://docs.getdbt.com/assets/js/main.8feb4399.js:4:615693)
    at iM (https://docs.getdbt.com/assets/js/main.8feb4399.js:4:593467)
    at https://docs.getdbt.com/assets/js/main.8feb4399.js:4:588516
    at ix (https://docs.getdbt.com/assets/js/main.8feb4399.js:4:588523)
    at x (https://docs.getdbt.com/assets/js/main.8feb4399.js:11:40214)
    at MessagePort.L (https://docs.getdbt.com/assets/js/main.8feb4399.js:11:40744) {componentStack: 
    at d (https://docs.getdbt.com/assets/js/8c673…s.getdbt.com/assets/js/main.8feb4399.js:4:631954), digest: null} @ https://docs.getdbt.com/assets/js/main.8feb4399.js:36
[    1436ms] [ERROR] Docusaurus React Root onRecoverableError: Error: Minified React error #418; visit https://reactjs.org/docs/error-decoder.html?invariant=418 for the full message or use the non-minified dev environment for full errors and additional helpful warnings.
    at ab (https://docs.getdbt.com/assets/js/main.8feb4399.js:4:540905)
    at l (https://docs.getdbt.com/assets/js/main.8feb4399.js:4:615516)
    at iM (https://docs.getdbt.com/assets/js/main.8feb4399.js:4:593467)
    at https://docs.getdbt.com/assets/js/main.8feb4399.js:4:588516
    at ix (https://docs.getdbt.com/assets/js/main.8feb4399.js:4:588523)
    at x (https://docs.getdbt.com/assets/js/main.8feb4399.js:11:40214)
    at MessagePort.L (https://docs.getdbt.com/assets/js/main.8feb4399.js:11:40744) {componentStack: 
    at ul
    at a (https://docs.getdbt.com/asset…s.getdbt.com/assets/js/main.8feb4399.js:4:631954), digest: null} @ https://docs.getdbt.com/assets/js/main.8feb4399.js:36
[    1436ms] [ERROR] Docusaurus React Root onRecoverableError: Error: Minified React error #418; visit https://reactjs.org/docs/error-decoder.html?invariant=418 for the full message or use the non-minified dev environment for full errors and additional helpful warnings.
    at ab (https://docs.getdbt.com/assets/js/main.8feb4399.js:4:540905)
    at l (https://docs.getdbt.com/assets/js/main.8feb4399.js:4:615693)
    at iM (https://docs.getdbt.com/assets/js/main.8feb4399.js:4:593467)
    at https://docs.getdbt.com/assets/js/main.8feb4399.js:4:588516
    at ix (https://docs.getdbt.com/assets/js/main.8feb4399.js:4:588523)
    at x (https://docs.getdbt.com/assets/js/main.8feb4399.js:11:40214)
    at MessagePort.L (https://docs.getdbt.com/assets/js/main.8feb4399.js:11:40744) {componentStack: 
    at d (https://docs.getdbt.com/assets/js/8c673…s.getdbt.com/assets/js/main.8feb4399.js:4:631954), digest: null} @ https://docs.getdbt.com/assets/js/main.8feb4399.js:36
[    1436ms] [ERROR] Docusaurus React Root onRecoverableError: Error: Minified React error #418; visit https://reactjs.org/docs/error-decoder.html?invariant=418 for the full message or use the non-minified dev environment for full errors and additional helpful warnings.
    at ab (https://docs.getdbt.com/assets/js/main.8feb4399.js:4:540905)
    at l (https://docs.getdbt.com/assets/js/main.8feb4399.js:4:615516)
    at iM (https://docs.getdbt.com/assets/js/main.8feb4399.js:4:593467)
    at https://docs.getdbt.com/assets/js/main.8feb4399.js:4:588516
    at ix (https://docs.getdbt.com/assets/js/main.8feb4399.js:4:588523)
    at x (https://docs.getdbt.com/assets/js/main.8feb4399.js:11:40214)
    at MessagePort.L (https://docs.getdbt.com/assets/js/main.8feb4399.js:11:40744) {componentStack: 
    at h3
    at d (https://docs.getdbt.com/asset…s.getdbt.com/assets/js/main.8feb4399.js:4:631954), digest: null} @ https://docs.getdbt.com/assets/js/main.8feb4399.js:36
[    1436ms] [ERROR] Docusaurus React Root onRecoverableError: Error: Minified React error #418; visit https://reactjs.org/docs/error-decoder.html?invariant=418 for the full message or use the non-minified dev environment for full errors and additional helpful warnings.
    at ab (https://docs.getdbt.com/assets/js/main.8feb4399.js:4:540905)
    at l (https://docs.getdbt.com/assets/js/main.8feb4399.js:4:615693)
    at iM (https://docs.getdbt.com/assets/js/main.8feb4399.js:4:593467)
    at https://docs.getdbt.com/assets/js/main.8feb4399.js:4:588516
    at ix (https://docs.getdbt.com/assets/js/main.8feb4399.js:4:588523)
    at x (https://docs.getdbt.com/assets/js/main.8feb4399.js:11:40214)
    at MessagePort.L (https://docs.getdbt.com/assets/js/main.8feb4399.js:11:40744) {componentStack: 
    at d (https://docs.getdbt.com/assets/js/8c673…s.getdbt.com/assets/js/main.8feb4399.js:4:631954), digest: null} @ https://docs.getdbt.com/assets/js/main.8feb4399.js:36
[    1436ms] [ERROR] Docusaurus React Root onRecoverableError: Error: Minified React error #418; visit https://reactjs.org/docs/error-decoder.html?invariant=418 for the full message or use the non-minified dev environment for full errors and additional helpful warnings.
    at ab (https://docs.getdbt.com/assets/js/main.8feb4399.js:4:540905)
    at l (https://docs.getdbt.com/assets/js/main.8feb4399.js:4:615516)
    at iM (https://docs.getdbt.com/assets/js/main.8feb4399.js:4:593467)
    at https://docs.getdbt.com/assets/js/main.8feb4399.js:4:588516
    at ix (https://docs.getdbt.com/assets/js/main.8feb4399.js:4:588523)
    at x (https://docs.getdbt.com/assets/js/main.8feb4399.js:11:40214)
    at MessagePort.L (https://docs.getdbt.com/assets/js/main.8feb4399.js:11:40744) {componentStack: 
    at p
    at d (https://docs.getdbt.com/assets…s.getdbt.com/assets/js/main.8feb4399.js:4:631954), digest: null} @ https://docs.getdbt.com/assets/js/main.8feb4399.js:36
[    1436ms] [ERROR] Docusaurus React Root onRecoverableError: Error: Minified React error #418; visit https://reactjs.org/docs/error-decoder.html?invariant=418 for the full message or use the non-minified dev environment for full errors and additional helpful warnings.
    at ab (https://docs.getdbt.com/assets/js/main.8feb4399.js:4:540905)
    at l (https://docs.getdbt.com/assets/js/main.8feb4399.js:4:615693)
    at iM (https://docs.getdbt.com/assets/js/main.8feb4399.js:4:593467)
    at https://docs.getdbt.com/assets/js/main.8feb4399.js:4:588516
    at ix (https://docs.getdbt.com/assets/js/main.8feb4399.js:4:588523)
    at x (https://docs.getdbt.com/assets/js/main.8feb4399.js:11:40214)
    at MessagePort.L (https://docs.getdbt.com/assets/js/main.8feb4399.js:11:40744) {componentStack: 
    at d (https://docs.getdbt.com/assets/js/8c673…s.getdbt.com/assets/js/main.8feb4399.js:4:631954), digest: null} @ https://docs.getdbt.com/assets/js/main.8feb4399.js:36
[    1436ms] [ERROR] Docusaurus React Root onRecoverableError: Error: Minified React error #418; visit https://reactjs.org/docs/error-decoder.html?invariant=418 for the full message or use the non-minified dev environment for full errors and additional helpful warnings.
    at ab (https://docs.getdbt.com/assets/js/main.8feb4399.js:4:540905)
    at l (https://docs.getdbt.com/assets/js/main.8feb4399.js:4:615516)
    at iM (https://docs.getdbt.com/assets/js/main.8feb4399.js:4:593467)
    at https://docs.getdbt.com/assets/js/main.8feb4399.js:4:588516
    at ix (https://docs.getdbt.com/assets/js/main.8feb4399.js:4:588523)
    at x (https://docs.getdbt.com/assets/js/main.8feb4399.js:11:40214)
    at MessagePort.L (https://docs.getdbt.com/assets/js/main.8feb4399.js:11:40744) {componentStack: 
    at ul
    at a (https://docs.getdbt.com/asset…s.getdbt.com/assets/js/main.8feb4399.js:4:631954), digest: null} @ https://docs.getdbt.com/assets/js/main.8feb4399.js:36
[    1436ms] [ERROR] Docusaurus React Root onRecoverableError: Error: Minified React error #418; visit https://reactjs.org/docs/error-decoder.html?invariant=418 for the full message or use the non-minified dev environment for full errors and additional helpful warnings.
    at ab (https://docs.getdbt.com/assets/js/main.8feb4399.js:4:540905)
    at l (https://docs.getdbt.com/assets/js/main.8feb4399.js:4:615693)
    at iM (https://docs.getdbt.com/assets/js/main.8feb4399.js:4:593467)
    at https://docs.getdbt.com/assets/js/main.8feb4399.js:4:588516
    at ix (https://docs.getdbt.com/assets/js/main.8feb4399.js:4:588523)
    at x (https://docs.getdbt.com/assets/js/main.8feb4399.js:11:40214)
    at MessagePort.L (https://docs.getdbt.com/assets/js/main.8feb4399.js:11:40744) {componentStack: 
    at d (https://docs.getdbt.com/assets/js/8c673…s.getdbt.com/assets/js/main.8feb4399.js:4:631954), digest: null} @ https://docs.getdbt.com/assets/js/main.8feb4399.js:36
[    1436ms] [ERROR] Docusaurus React Root onRecoverableError: Error: Minified React error #418; visit https://reactjs.org/docs/error-decoder.html?invariant=418 for the full message or use the non-minified dev environment for full errors and additional helpful warnings.
    at ab (https://docs.getdbt.com/assets/js/main.8feb4399.js:4:540905)
    at l (https://docs.getdbt.com/assets/js/main.8feb4399.js:4:615516)
    at iM (https://docs.getdbt.com/assets/js/main.8feb4399.js:4:593467)
    at https://docs.getdbt.com/assets/js/main.8feb4399.js:4:588516
    at ix (https://docs.getdbt.com/assets/js/main.8feb4399.js:4:588523)
    at x (https://docs.getdbt.com/assets/js/main.8feb4399.js:11:40214)
    at MessagePort.L (https://docs.getdbt.com/assets/js/main.8feb4399.js:11:40744) {componentStack: 
    at div
    at E (https://docs.getdbt.com/asse…s.getdbt.com/assets/js/main.8feb4399.js:4:631954), digest: null} @ https://docs.getdbt.com/assets/js/main.8feb4399.js:36
[    1436ms] [ERROR] Docusaurus React Root onRecoverableError: Error: Minified React error #418; visit https://reactjs.org/docs/error-decoder.html?invariant=418 for the full message or use the non-minified dev environment for full errors and additional helpful warnings.
    at ab (https://docs.getdbt.com/assets/js/main.8feb4399.js:4:540905)
    at l (https://docs.getdbt.com/assets/js/main.8feb4399.js:4:615693)
    at iM (https://docs.getdbt.com/assets/js/main.8feb4399.js:4:593467)
    at https://docs.getdbt.com/assets/js/main.8feb4399.js:4:588516
    at ix (https://docs.getdbt.com/assets/js/main.8feb4399.js:4:588523)
    at x (https://docs.getdbt.com/assets/js/main.8feb4399.js:11:40214)
    at MessagePort.L (https://docs.getdbt.com/assets/js/main.8feb4399.js:11:40744) {componentStack: 
    at u (https://docs.getdbt.com/assets/js/8c673…s.getdbt.com/assets/js/main.8feb4399.js:4:631954), digest: null} @ https://docs.getdbt.com/assets/js/main.8feb4399.js:36
[    1436ms] [ERROR] Docusaurus React Root onRecoverableError: Error: Minified React error #418; visit https://reactjs.org/docs/error-decoder.html?invariant=418 for the full message or use the non-minified dev environment for full errors and additional helpful warnings.
    at ab (https://docs.getdbt.com/assets/js/main.8feb4399.js:4:540905)
    at l (https://docs.getdbt.com/assets/js/main.8feb4399.js:4:615516)
    at iM (https://docs.getdbt.com/assets/js/main.8feb4399.js:4:593467)
    at https://docs.getdbt.com/assets/js/main.8feb4399.js:4:588516
    at ix (https://docs.getdbt.com/assets/js/main.8feb4399.js:4:588523)
    at x (https://docs.getdbt.com/assets/js/main.8feb4399.js:11:40214)
    at MessagePort.L (https://docs.getdbt.com/assets/js/main.8feb4399.js:11:40744) {componentStack: 
    at div
    at c (https://docs.getdbt.com/asse…s.getdbt.com/assets/js/main.8feb4399.js:4:631954), digest: null} @ https://docs.getdbt.com/assets/js/main.8feb4399.js:36
[    1437ms] [ERROR] Docusaurus React Root onRecoverableError: Error: Minified React error #418; visit https://reactjs.org/docs/error-decoder.html?invariant=418 for the full message or use the non-minified dev environment for full errors and additional helpful warnings.
    at ab (https://docs.getdbt.com/assets/js/main.8feb4399.js:4:540905)
    at l (https://docs.getdbt.com/assets/js/main.8feb4399.js:4:615693)
    at iM (https://docs.getdbt.com/assets/js/main.8feb4399.js:4:593467)
    at https://docs.getdbt.com/assets/js/main.8feb4399.js:4:588516
    at ix (https://docs.getdbt.com/assets/js/main.8feb4399.js:4:588523)
    at x (https://docs.getdbt.com/assets/js/main.8feb4399.js:11:40214)
    at MessagePort.L (https://docs.getdbt.com/assets/js/main.8feb4399.js:11:40744) {componentStack: 
    at u (https://docs.getdbt.com/assets/js/8c673…s.getdbt.com/assets/js/main.8feb4399.js:4:631954), digest: null} @ https://docs.getdbt.com/assets/js/main.8feb4399.js:36
[    1437ms] [ERROR] Docusaurus React Root onRecoverableError: Error: Minified React error #418; visit https://reactjs.org/docs/error-decoder.html?invariant=418 for the full message or use the non-minified dev environment for full errors and additional helpful warnings.
    at ab (https://docs.getdbt.com/assets/js/main.8feb4399.js:4:540905)
    at l (https://docs.getdbt.com/assets/js/main.8feb4399.js:4:615516)
    at iM (https://docs.getdbt.com/assets/js/main.8feb4399.js:4:593467)
    at https://docs.getdbt.com/assets/js/main.8feb4399.js:4:588516
    at ix (https://docs.getdbt.com/assets/js/main.8feb4399.js:4:588523)
    at x (https://docs.getdbt.com/assets/js/main.8feb4399.js:11:40214)
    at MessagePort.L (https://docs.getdbt.com/assets/js/main.8feb4399.js:11:40744) {componentStack: 
    at h3
    at d (https://docs.getdbt.com/asset…s.getdbt.com/assets/js/main.8feb4399.js:4:631954), digest: null} @ https://docs.getdbt.com/assets/js/main.8feb4399.js:36
[    1437ms] [ERROR] Docusaurus React Root onRecoverableError: Error: Minified React error #418; visit https://reactjs.org/docs/error-decoder.html?invariant=418 for the full message or use the non-minified dev environment for full errors and additional helpful warnings.
    at ab (https://docs.getdbt.com/assets/js/main.8feb4399.js:4:540905)
    at l (https://docs.getdbt.com/assets/js/main.8feb4399.js:4:615693)
    at iM (https://docs.getdbt.com/assets/js/main.8feb4399.js:4:593467)
    at https://docs.getdbt.com/assets/js/main.8feb4399.js:4:588516
    at ix (https://docs.getdbt.com/assets/js/main.8feb4399.js:4:588523)
    at x (https://docs.getdbt.com/assets/js/main.8feb4399.js:11:40214)
    at MessagePort.L (https://docs.getdbt.com/assets/js/main.8feb4399.js:11:40744) {componentStack: 
    at u (https://docs.getdbt.com/assets/js/8c673…s.getdbt.com/assets/js/main.8feb4399.js:4:631954), digest: null} @ https://docs.getdbt.com/assets/js/main.8feb4399.js:36
[    1437ms] [ERROR] Docusaurus React Root onRecoverableError: Error: Minified React error #418; visit https://reactjs.org/docs/error-decoder.html?invariant=418 for the full message or use the non-minified dev environment for full errors and additional helpful warnings.
    at ab (https://docs.getdbt.com/assets/js/main.8feb4399.js:4:540905)
    at l (https://docs.getdbt.com/assets/js/main.8feb4399.js:4:615516)
    at iM (https://docs.getdbt.com/assets/js/main.8feb4399.js:4:593467)
    at https://docs.getdbt.com/assets/js/main.8feb4399.js:4:588516
    at ix (https://docs.getdbt.com/assets/js/main.8feb4399.js:4:588523)
    at x (https://docs.getdbt.com/assets/js/main.8feb4399.js:11:40214)
    at MessagePort.L (https://docs.getdbt.com/assets/js/main.8feb4399.js:11:40744) {componentStack: 
    at p
    at u (https://docs.getdbt.com/assets…s.getdbt.com/assets/js/main.8feb4399.js:4:631954), digest: null} @ https://docs.getdbt.com/assets/js/main.8feb4399.js:36
[    1437ms] [ERROR] Docusaurus React Root onRecoverableError: Error: Minified React error #418; visit https://reactjs.org/docs/error-decoder.html?invariant=418 for the full message or use the non-minified dev environment for full errors and additional helpful warnings.
    at ab (https://docs.getdbt.com/assets/js/main.8feb4399.js:4:540905)
    at l (https://docs.getdbt.com/assets/js/main.8feb4399.js:4:615693)
    at iM (https://docs.getdbt.com/assets/js/main.8feb4399.js:4:593467)
    at https://docs.getdbt.com/assets/js/main.8feb4399.js:4:588516
    at ix (https://docs.getdbt.com/assets/js/main.8feb4399.js:4:588523)
    at x (https://docs.getdbt.com/assets/js/main.8feb4399.js:11:40214)
    at MessagePort.L (https://docs.getdbt.com/assets/js/main.8feb4399.js:11:40744) {componentStack: 
    at u (https://docs.getdbt.com/assets/js/8c673…s.getdbt.com/assets/js/main.8feb4399.js:4:631954), digest: null} @ https://docs.getdbt.com/assets/js/main.8feb4399.js:36
[    1437ms] [ERROR] Docusaurus React Root onRecoverableError: Error: Minified React error #418; visit https://reactjs.org/docs/error-decoder.html?invariant=418 for the full message or use the non-minified dev environment for full errors and additional helpful warnings.
    at ab (https://docs.getdbt.com/assets/js/main.8feb4399.js:4:540905)
    at l (https://docs.getdbt.com/assets/js/main.8feb4399.js:4:615516)
    at iM (https://docs.getdbt.com/assets/js/main.8feb4399.js:4:593467)
    at https://docs.getdbt.com/assets/js/main.8feb4399.js:4:588516
    at ix (https://docs.getdbt.com/assets/js/main.8feb4399.js:4:588523)
    at x (https://docs.getdbt.com/assets/js/main.8feb4399.js:11:40214)
    at MessagePort.L (https://docs.getdbt.com/assets/js/main.8feb4399.js:11:40744) {componentStack: 
    at p
    at u (https://docs.getdbt.com/assets…s.getdbt.com/assets/js/main.8feb4399.js:4:631954), digest: null} @ https://docs.getdbt.com/assets/js/main.8feb4399.js:36
[    1437ms] [ERROR] Docusaurus React Root onRecoverableError: Error: Minified React error #418; visit https://reactjs.org/docs/error-decoder.html?invariant=418 for the full message or use the non-minified dev environment for full errors and additional helpful warnings.
    at ab (https://docs.getdbt.com/assets/js/main.8feb4399.js:4:540905)
    at l (https://docs.getdbt.com/assets/js/main.8feb4399.js:4:615693)
    at iM (https://docs.getdbt.com/assets/js/main.8feb4399.js:4:593467)
    at https://docs.getdbt.com/assets/js/main.8feb4399.js:4:588516
    at ix (https://docs.getdbt.com/assets/js/main.8feb4399.js:4:588523)
    at x (https://docs.getdbt.com/assets/js/main.8feb4399.js:11:40214)
    at MessagePort.L (https://docs.getdbt.com/assets/js/main.8feb4399.js:11:40744) {componentStack: 
    at u (https://docs.getdbt.com/assets/js/8c673…s.getdbt.com/assets/js/main.8feb4399.js:4:631954), digest: null} @ https://docs.getdbt.com/assets/js/main.8feb4399.js:36
[    1437ms] [ERROR] Docusaurus React Root onRecoverableError: Error: Minified React error #418; visit https://reactjs.org/docs/error-decoder.html?invariant=418 for the full message or use the non-minified dev environment for full errors and additional helpful warnings.
    at ab (https://docs.getdbt.com/assets/js/main.8feb4399.js:4:540905)
    at l (https://docs.getdbt.com/assets/js/main.8feb4399.js:4:615516)
    at iM (https://docs.getdbt.com/assets/js/main.8feb4399.js:4:593467)
    at https://docs.getdbt.com/assets/js/main.8feb4399.js:4:588516
    at ix (https://docs.getdbt.com/assets/js/main.8feb4399.js:4:588523)
    at x (https://docs.getdbt.com/assets/js/main.8feb4399.js:11:40214)
    at MessagePort.L (https://docs.getdbt.com/assets/js/main.8feb4399.js:11:40744) {componentStack: 
    at h2
    at d (https://docs.getdbt.com/asset…s.getdbt.com/assets/js/main.8feb4399.js:4:631954), digest: null} @ https://docs.getdbt.com/assets/js/main.8feb4399.js:36
[    1437ms] [ERROR] Docusaurus React Root onRecoverableError: Error: Minified React error #418; visit https://reactjs.org/docs/error-decoder.html?invariant=418 for the full message or use the non-minified dev environment for full errors and additional helpful warnings.
    at ab (https://docs.getdbt.com/assets/js/main.8feb4399.js:4:540905)
    at l (https://docs.getdbt.com/assets/js/main.8feb4399.js:4:615693)
    at iM (https://docs.getdbt.com/assets/js/main.8feb4399.js:4:593467)
    at https://docs.getdbt.com/assets/js/main.8feb4399.js:4:588516
    at ix (https://docs.getdbt.com/assets/js/main.8feb4399.js:4:588523)
    at x (https://docs.getdbt.com/assets/js/main.8feb4399.js:11:40214)
    at MessagePort.L (https://docs.getdbt.com/assets/js/main.8feb4399.js:11:40744) {componentStack: 
    at u (https://docs.getdbt.com/assets/js/8c673…s.getdbt.com/assets/js/main.8feb4399.js:4:631954), digest: null} @ https://docs.getdbt.com/assets/js/main.8feb4399.js:36
[    1437ms] [ERROR] Docusaurus React Root onRecoverableError: Error: Minified React error #418; visit https://reactjs.org/docs/error-decoder.html?invariant=418 for the full message or use the non-minified dev environment for full errors and additional helpful warnings.
    at ab (https://docs.getdbt.com/assets/js/main.8feb4399.js:4:540905)
    at l (https://docs.getdbt.com/assets/js/main.8feb4399.js:4:615516)
    at iM (https://docs.getdbt.com/assets/js/main.8feb4399.js:4:593467)
    at https://docs.getdbt.com/assets/js/main.8feb4399.js:4:588516
    at ix (https://docs.getdbt.com/assets/js/main.8feb4399.js:4:588523)
    at x (https://docs.getdbt.com/assets/js/main.8feb4399.js:11:40214)
    at MessagePort.L (https://docs.getdbt.com/assets/js/main.8feb4399.js:11:40744) {componentStack: 
    at div
    at c (https://docs.getdbt.com/asse…s.getdbt.com/assets/js/main.8feb4399.js:4:631954), digest: null} @ https://docs.getdbt.com/assets/js/main.8feb4399.js:36
[    1437ms] [ERROR] Docusaurus React Root onRecoverableError: Error: Minified React error #418; visit https://reactjs.org/docs/error-decoder.html?invariant=418 for the full message or use the non-minified dev environment for full errors and additional helpful warnings.
    at ab (https://docs.getdbt.com/assets/js/main.8feb4399.js:4:540905)
    at l (https://docs.getdbt.com/assets/js/main.8feb4399.js:4:615693)
    at iM (https://docs.getdbt.com/assets/js/main.8feb4399.js:4:593467)
    at https://docs.getdbt.com/assets/js/main.8feb4399.js:4:588516
    at ix (https://docs.getdbt.com/assets/js/main.8feb4399.js:4:588523)
    at x (https://docs.getdbt.com/assets/js/main.8feb4399.js:11:40214)
    at MessagePort.L (https://docs.getdbt.com/assets/js/main.8feb4399.js:11:40744) {componentStack: 
    at u (https://docs.getdbt.com/assets/js/8c673…s.getdbt.com/assets/js/main.8feb4399.js:4:631954), digest: null} @ https://docs.getdbt.com/assets/js/main.8feb4399.js:36
[    1437ms] [ERROR] Docusaurus React Root onRecoverableError: Error: Minified React error #418; visit https://reactjs.org/docs/error-decoder.html?invariant=418 for the full message or use the non-minified dev environment for full errors and additional helpful warnings.
    at ab (https://docs.getdbt.com/assets/js/main.8feb4399.js:4:540905)
    at l (https://docs.getdbt.com/assets/js/main.8feb4399.js:4:615516)
    at iM (https://docs.getdbt.com/assets/js/main.8feb4399.js:4:593467)
    at https://docs.getdbt.com/assets/js/main.8feb4399.js:4:588516
    at ix (https://docs.getdbt.com/assets/js/main.8feb4399.js:4:588523)
    at x (https://docs.getdbt.com/assets/js/main.8feb4399.js:11:40214)
    at MessagePort.L (https://docs.getdbt.com/assets/js/main.8feb4399.js:11:40744) {componentStack: 
    at p
    at u (https://docs.getdbt.com/assets…s.getdbt.com/assets/js/main.8feb4399.js:4:631954), digest: null} @ https://docs.getdbt.com/assets/js/main.8feb4399.js:36
[    1437ms] [ERROR] Docusaurus React Root onRecoverableError: Error: Minified React error #418; visit https://reactjs.org/docs/error-decoder.html?invariant=418 for the full message or use the non-minified dev environment for full errors and additional helpful warnings.
    at ab (https://docs.getdbt.com/assets/js/main.8feb4399.js:4:540905)
    at l (https://docs.getdbt.com/assets/js/main.8feb4399.js:4:615693)
    at iM (https://docs.getdbt.com/assets/js/main.8feb4399.js:4:593467)
    at https://docs.getdbt.com/assets/js/main.8feb4399.js:4:588516
    at ix (https://docs.getdbt.com/assets/js/main.8feb4399.js:4:588523)
    at x (https://docs.getdbt.com/assets/js/main.8feb4399.js:11:40214)
    at MessagePort.L (https://docs.getdbt.com/assets/js/main.8feb4399.js:11:40744) {componentStack: 
    at u (https://docs.getdbt.com/assets/js/8c673…s.getdbt.com/assets/js/main.8feb4399.js:4:631954), digest: null} @ https://docs.getdbt.com/assets/js/main.8feb4399.js:36
[    1437ms] [ERROR] Docusaurus React Root onRecoverableError: Error: Minified React error #418; visit https://reactjs.org/docs/error-decoder.html?invariant=418 for the full message or use the non-minified dev environment for full errors and additional helpful warnings.
    at ab (https://docs.getdbt.com/assets/js/main.8feb4399.js:4:540905)
    at l (https://docs.getdbt.com/assets/js/main.8feb4399.js:4:615516)
    at iM (https://docs.getdbt.com/assets/js/main.8feb4399.js:4:593467)
    at https://docs.getdbt.com/assets/js/main.8feb4399.js:4:588516
    at ix (https://docs.getdbt.com/assets/js/main.8feb4399.js:4:588523)
    at x (https://docs.getdbt.com/assets/js/main.8feb4399.js:11:40214)
    at MessagePort.L (https://docs.getdbt.com/assets/js/main.8feb4399.js:11:40744) {componentStack: 
    at ul
    at a (https://docs.getdbt.com/asset…s.getdbt.com/assets/js/main.8feb4399.js:4:631954), digest: null} @ https://docs.getdbt.com/assets/js/main.8feb4399.js:36
[    1437ms] [ERROR] Docusaurus React Root onRecoverableError: Error: Minified React error #418; visit https://reactjs.org/docs/error-decoder.html?invariant=418 for the full message or use the non-minified dev environment for full errors and additional helpful warnings.
    at ab (https://docs.getdbt.com/assets/js/main.8feb4399.js:4:540905)
    at l (https://docs.getdbt.com/assets/js/main.8feb4399.js:4:615693)
    at iM (https://docs.getdbt.com/assets/js/main.8feb4399.js:4:593467)
    at https://docs.getdbt.com/assets/js/main.8feb4399.js:4:588516
    at ix (https://docs.getdbt.com/assets/js/main.8feb4399.js:4:588523)
    at x (https://docs.getdbt.com/assets/js/main.8feb4399.js:11:40214)
    at MessagePort.L (https://docs.getdbt.com/assets/js/main.8feb4399.js:11:40744) {componentStack: 
    at u (https://docs.getdbt.com/assets/js/8c673…s.getdbt.com/assets/js/main.8feb4399.js:4:631954), digest: null} @ https://docs.getdbt.com/assets/js/main.8feb4399.js:36
[    1437ms] [ERROR] Docusaurus React Root onRecoverableError: Error: Minified React error #418; visit https://reactjs.org/docs/error-decoder.html?invariant=418 for the full message or use the non-minified dev environment for full errors and additional helpful warnings.
    at ab (https://docs.getdbt.com/assets/js/main.8feb4399.js:4:540905)
    at l (https://docs.getdbt.com/assets/js/main.8feb4399.js:4:615516)
    at iM (https://docs.getdbt.com/assets/js/main.8feb4399.js:4:593467)
    at https://docs.getdbt.com/assets/js/main.8feb4399.js:4:588516
    at ix (https://docs.getdbt.com/assets/js/main.8feb4399.js:4:588523)
    at x (https://docs.getdbt.com/assets/js/main.8feb4399.js:11:40214)
    at MessagePort.L (https://docs.getdbt.com/assets/js/main.8feb4399.js:11:40744) {componentStack: 
    at h3
    at d (https://docs.getdbt.com/asset…s.getdbt.com/assets/js/main.8feb4399.js:4:631954), digest: null} @ https://docs.getdbt.com/assets/js/main.8feb4399.js:36
[    1438ms] [ERROR] Docusaurus React Root onRecoverableError: Error: Minified React error #418; visit https://reactjs.org/docs/error-decoder.html?invariant=418 for the full message or use the non-minified dev environment for full errors and additional helpful warnings.
    at ab (https://docs.getdbt.com/assets/js/main.8feb4399.js:4:540905)
    at l (https://docs.getdbt.com/assets/js/main.8feb4399.js:4:615693)
    at iM (https://docs.getdbt.com/assets/js/main.8feb4399.js:4:593467)
    at https://docs.getdbt.com/assets/js/main.8feb4399.js:4:588516
    at ix (https://docs.getdbt.com/assets/js/main.8feb4399.js:4:588523)
    at x (https://docs.getdbt.com/assets/js/main.8feb4399.js:11:40214)
    at MessagePort.L (https://docs.getdbt.com/assets/js/main.8feb4399.js:11:40744) {componentStack: 
    at u (https://docs.getdbt.com/assets/js/8c673…s.getdbt.com/assets/js/main.8feb4399.js:4:631954), digest: null} @ https://docs.getdbt.com/assets/js/main.8feb4399.js:36
[    1438ms] [ERROR] Docusaurus React Root onRecoverableError: Error: Minified React error #418; visit https://reactjs.org/docs/error-decoder.html?invariant=418 for the full message or use the non-minified dev environment for full errors and additional helpful warnings.
    at ab (https://docs.getdbt.com/assets/js/main.8feb4399.js:4:540905)
    at l (https://docs.getdbt.com/assets/js/main.8feb4399.js:4:615516)
    at iM (https://docs.getdbt.com/assets/js/main.8feb4399.js:4:593467)
    at https://docs.getdbt.com/assets/js/main.8feb4399.js:4:588516
    at ix (https://docs.getdbt.com/assets/js/main.8feb4399.js:4:588523)
    at x (https://docs.getdbt.com/assets/js/main.8feb4399.js:11:40214)
    at MessagePort.L (https://docs.getdbt.com/assets/js/main.8feb4399.js:11:40744) {componentStack: 
    at p
    at u (https://docs.getdbt.com/assets…s.getdbt.com/assets/js/main.8feb4399.js:4:631954), digest: null} @ https://docs.getdbt.com/assets/js/main.8feb4399.js:36
[    1438ms] [ERROR] Docusaurus React Root onRecoverableError: Error: Minified React error #418; visit https://reactjs.org/docs/error-decoder.html?invariant=418 for the full message or use the non-minified dev environment for full errors and additional helpful warnings.
    at ab (https://docs.getdbt.com/assets/js/main.8feb4399.js:4:540905)
    at l (https://docs.getdbt.com/assets/js/main.8feb4399.js:4:615693)
    at iM (https://docs.getdbt.com/assets/js/main.8feb4399.js:4:593467)
    at https://docs.getdbt.com/assets/js/main.8feb4399.js:4:588516
    at ix (https://docs.getdbt.com/assets/js/main.8feb4399.js:4:588523)
    at x (https://docs.getdbt.com/assets/js/main.8feb4399.js:11:40214)
    at MessagePort.L (https://docs.getdbt.com/assets/js/main.8feb4399.js:11:40744) {componentStack: 
    at u (https://docs.getdbt.com/assets/js/8c673…s.getdbt.com/assets/js/main.8feb4399.js:4:631954), digest: null} @ https://docs.getdbt.com/assets/js/main.8feb4399.js:36
[    1438ms] [ERROR] Docusaurus React Root onRecoverableError: Error: Minified React error #418; visit https://reactjs.org/docs/error-decoder.html?invariant=418 for the full message or use the non-minified dev environment for full errors and additional helpful warnings.
    at ab (https://docs.getdbt.com/assets/js/main.8feb4399.js:4:540905)
    at l (https://docs.getdbt.com/assets/js/main.8feb4399.js:4:615516)
    at iM (https://docs.getdbt.com/assets/js/main.8feb4399.js:4:593467)
    at https://docs.getdbt.com/assets/js/main.8feb4399.js:4:588516
    at ix (https://docs.getdbt.com/assets/js/main.8feb4399.js:4:588523)
    at x (https://docs.getdbt.com/assets/js/main.8feb4399.js:11:40214)
    at MessagePort.L (https://docs.getdbt.com/assets/js/main.8feb4399.js:11:40744) {componentStack: 
    at ul
    at a (https://docs.getdbt.com/asset…s.getdbt.com/assets/js/main.8feb4399.js:4:631954), digest: null} @ https://docs.getdbt.com/assets/js/main.8feb4399.js:36
[    1438ms] [ERROR] Docusaurus React Root onRecoverableError: Error: Minified React error #418; visit https://reactjs.org/docs/error-decoder.html?invariant=418 for the full message or use the non-minified dev environment for full errors and additional helpful warnings.
    at ab (https://docs.getdbt.com/assets/js/main.8feb4399.js:4:540905)
    at l (https://docs.getdbt.com/assets/js/main.8feb4399.js:4:615693)
    at iM (https://docs.getdbt.com/assets/js/main.8feb4399.js:4:593467)
    at https://docs.getdbt.com/assets/js/main.8feb4399.js:4:588516
    at ix (https://docs.getdbt.com/assets/js/main.8feb4399.js:4:588523)
    at x (https://docs.getdbt.com/assets/js/main.8feb4399.js:11:40214)
    at MessagePort.L (https://docs.getdbt.com/assets/js/main.8feb4399.js:11:40744) {componentStack: 
    at u (https://docs.getdbt.com/assets/js/8c673…s.getdbt.com/assets/js/main.8feb4399.js:4:631954), digest: null} @ https://docs.getdbt.com/assets/js/main.8feb4399.js:36
[    1438ms] [ERROR] Docusaurus React Root onRecoverableError: Error: Minified React error #418; visit https://reactjs.org/docs/error-decoder.html?invariant=418 for the full message or use the non-minified dev environment for full errors and additional helpful warnings.
    at ab (https://docs.getdbt.com/assets/js/main.8feb4399.js:4:540905)
    at l (https://docs.getdbt.com/assets/js/main.8feb4399.js:4:615516)
    at iM (https://docs.getdbt.com/assets/js/main.8feb4399.js:4:593467)
    at https://docs.getdbt.com/assets/js/main.8feb4399.js:4:588516
    at ix (https://docs.getdbt.com/assets/js/main.8feb4399.js:4:588523)
    at x (https://docs.getdbt.com/assets/js/main.8feb4399.js:11:40214)
    at MessagePort.L (https://docs.getdbt.com/assets/js/main.8feb4399.js:11:40744) {componentStack: 
    at h3
    at d (https://docs.getdbt.com/asset…s.getdbt.com/assets/js/main.8feb4399.js:4:631954), digest: null} @ https://docs.getdbt.com/assets/js/main.8feb4399.js:36
[    1438ms] [ERROR] Docusaurus React Root onRecoverableError: Error: Minified React error #418; visit https://reactjs.org/docs/error-decoder.html?invariant=418 for the full message or use the non-minified dev environment for full errors and additional helpful warnings.
    at ab (https://docs.getdbt.com/assets/js/main.8feb4399.js:4:540905)
    at l (https://docs.getdbt.com/assets/js/main.8feb4399.js:4:615693)
    at iM (https://docs.getdbt.com/assets/js/main.8feb4399.js:4:593467)
    at https://docs.getdbt.com/assets/js/main.8feb4399.js:4:588516
    at ix (https://docs.getdbt.com/assets/js/main.8feb4399.js:4:588523)
    at x (https://docs.getdbt.com/assets/js/main.8feb4399.js:11:40214)
    at MessagePort.L (https://docs.getdbt.com/assets/js/main.8feb4399.js:11:40744) {componentStack: 
    at u (https://docs.getdbt.com/assets/js/8c673…s.getdbt.com/assets/js/main.8feb4399.js:4:631954), digest: null} @ https://docs.getdbt.com/assets/js/main.8feb4399.js:36
[    1438ms] [ERROR] Docusaurus React Root onRecoverableError: Error: Minified React error #418; visit https://reactjs.org/docs/error-decoder.html?invariant=418 for the full message or use the non-minified dev environment for full errors and additional helpful warnings.
    at ab (https://docs.getdbt.com/assets/js/main.8feb4399.js:4:540905)
    at l (https://docs.getdbt.com/assets/js/main.8feb4399.js:4:615516)
    at iM (https://docs.getdbt.com/assets/js/main.8feb4399.js:4:593467)
    at https://docs.getdbt.com/assets/js/main.8feb4399.js:4:588516
    at ix (https://docs.getdbt.com/assets/js/main.8feb4399.js:4:588523)
    at x (https://docs.getdbt.com/assets/js/main.8feb4399.js:11:40214)
    at MessagePort.L (https://docs.getdbt.com/assets/js/main.8feb4399.js:11:40744) {componentStack: 
    at p
    at u (https://docs.getdbt.com/assets…s.getdbt.com/assets/js/main.8feb4399.js:4:631954), digest: null} @ https://docs.getdbt.com/assets/js/main.8feb4399.js:36
[    1438ms] [ERROR] Docusaurus React Root onRecoverableError: Error: Minified React error #418; visit https://reactjs.org/docs/error-decoder.html?invariant=418 for the full message or use the non-minified dev environment for full errors and additional helpful warnings.
    at ab (https://docs.getdbt.com/assets/js/main.8feb4399.js:4:540905)
    at l (https://docs.getdbt.com/assets/js/main.8feb4399.js:4:615693)
    at iM (https://docs.getdbt.com/assets/js/main.8feb4399.js:4:593467)
    at https://docs.getdbt.com/assets/js/main.8feb4399.js:4:588516
    at ix (https://docs.getdbt.com/assets/js/main.8feb4399.js:4:588523)
    at x (https://docs.getdbt.com/assets/js/main.8feb4399.js:11:40214)
    at MessagePort.L (https://docs.getdbt.com/assets/js/main.8feb4399.js:11:40744) {componentStack: 
    at u (https://docs.getdbt.com/assets/js/8c673…s.getdbt.com/assets/js/main.8feb4399.js:4:631954), digest: null} @ https://docs.getdbt.com/assets/js/main.8feb4399.js:36
[    1438ms] [ERROR] Docusaurus React Root onRecoverableError: Error: Minified React error #418; visit https://reactjs.org/docs/error-decoder.html?invariant=418 for the full message or use the non-minified dev environment for full errors and additional helpful warnings.
    at ab (https://docs.getdbt.com/assets/js/main.8feb4399.js:4:540905)
    at l (https://docs.getdbt.com/assets/js/main.8feb4399.js:4:615516)
    at iM (https://docs.getdbt.com/assets/js/main.8feb4399.js:4:593467)
    at https://docs.getdbt.com/assets/js/main.8feb4399.js:4:588516
    at ix (https://docs.getdbt.com/assets/js/main.8feb4399.js:4:588523)
    at x (https://docs.getdbt.com/assets/js/main.8feb4399.js:11:40214)
    at MessagePort.L (https://docs.getdbt.com/assets/js/main.8feb4399.js:11:40744) {componentStack: 
    at div
    at E (https://docs.getdbt.com/asse…s.getdbt.com/assets/js/main.8feb4399.js:4:631954), digest: null} @ https://docs.getdbt.com/assets/js/main.8feb4399.js:36
[    1438ms] [ERROR] Docusaurus React Root onRecoverableError: Error: Minified React error #418; visit https://reactjs.org/docs/error-decoder.html?invariant=418 for the full message or use the non-minified dev environment for full errors and additional helpful warnings.
    at ab (https://docs.getdbt.com/assets/js/main.8feb4399.js:4:540905)
    at l (https://docs.getdbt.com/assets/js/main.8feb4399.js:4:615693)
    at iM (https://docs.getdbt.com/assets/js/main.8feb4399.js:4:593467)
    at https://docs.getdbt.com/assets/js/main.8feb4399.js:4:588516
    at ix (https://docs.getdbt.com/assets/js/main.8feb4399.js:4:588523)
    at x (https://docs.getdbt.com/assets/js/main.8feb4399.js:11:40214)
    at MessagePort.L (https://docs.getdbt.com/assets/js/main.8feb4399.js:11:40744) {componentStack: 
    at u (https://docs.getdbt.com/assets/js/8c673…s.getdbt.com/assets/js/main.8feb4399.js:4:631954), digest: null} @ https://docs.getdbt.com/assets/js/main.8feb4399.js:36
[    1438ms] [ERROR] Docusaurus React Root onRecoverableError: Error: Minified React error #418; visit https://reactjs.org/docs/error-decoder.html?invariant=418 for the full message or use the non-minified dev environment for full errors and additional helpful warnings.
    at ab (https://docs.getdbt.com/assets/js/main.8feb4399.js:4:540905)
    at l (https://docs.getdbt.com/assets/js/main.8feb4399.js:4:615693)
    at iM (https://docs.getdbt.com/assets/js/main.8feb4399.js:4:593467)
    at https://docs.getdbt.com/assets/js/main.8feb4399.js:4:588516
    at ix (https://docs.getdbt.com/assets/js/main.8feb4399.js:4:588523)
    at x (https://docs.getdbt.com/assets/js/main.8feb4399.js:11:40214)
    at MessagePort.L (https://docs.getdbt.com/assets/js/main.8feb4399.js:11:40744) {componentStack: 
    at u (https://docs.getdbt.com/assets/js/8c673…s.getdbt.com/assets/js/main.8feb4399.js:4:631954), digest: null} @ https://docs.getdbt.com/assets/js/main.8feb4399.js:36
[    1438ms] [ERROR] Docusaurus React Root onRecoverableError: Error: Minified React error #418; visit https://reactjs.org/docs/error-decoder.html?invariant=418 for the full message or use the non-minified dev environment for full errors and additional helpful warnings.
    at ab (https://docs.getdbt.com/assets/js/main.8feb4399.js:4:540905)
    at l (https://docs.getdbt.com/assets/js/main.8feb4399.js:4:615516)
    at iM (https://docs.getdbt.com/assets/js/main.8feb4399.js:4:593467)
    at https://docs.getdbt.com/assets/js/main.8feb4399.js:4:588516
    at ix (https://docs.getdbt.com/assets/js/main.8feb4399.js:4:588523)
    at x (https://docs.getdbt.com/assets/js/main.8feb4399.js:11:40214)
    at MessagePort.L (https://docs.getdbt.com/assets/js/main.8feb4399.js:11:40744) {componentStack: 
    at div
    at c (https://docs.getdbt.com/asse…s.getdbt.com/assets/js/main.8feb4399.js:4:631954), digest: null} @ https://docs.getdbt.com/assets/js/main.8feb4399.js:36
[    1438ms] [ERROR] Docusaurus React Root onRecoverableError: Error: Minified React error #418; visit https://reactjs.org/docs/error-decoder.html?invariant=418 for the full message or use the non-minified dev environment for full errors and additional helpful warnings.
    at ab (https://docs.getdbt.com/assets/js/main.8feb4399.js:4:540905)
    at l (https://docs.getdbt.com/assets/js/main.8feb4399.js:4:615693)
    at iM (https://docs.getdbt.com/assets/js/main.8feb4399.js:4:593467)
    at https://docs.getdbt.com/assets/js/main.8feb4399.js:4:588516
    at ix (https://docs.getdbt.com/assets/js/main.8feb4399.js:4:588523)
    at x (https://docs.getdbt.com/assets/js/main.8feb4399.js:11:40214)
    at MessagePort.L (https://docs.getdbt.com/assets/js/main.8feb4399.js:11:40744) {componentStack: 
    at u (https://docs.getdbt.com/assets/js/8c673…s.getdbt.com/assets/js/main.8feb4399.js:4:631954), digest: null} @ https://docs.getdbt.com/assets/js/main.8feb4399.js:36
[    1438ms] [ERROR] Docusaurus React Root onRecoverableError: Error: Minified React error #418; visit https://reactjs.org/docs/error-decoder.html?invariant=418 for the full message or use the non-minified dev environment for full errors and additional helpful warnings.
    at ab (https://docs.getdbt.com/assets/js/main.8feb4399.js:4:540905)
    at l (https://docs.getdbt.com/assets/js/main.8feb4399.js:4:615516)
    at iM (https://docs.getdbt.com/assets/js/main.8feb4399.js:4:593467)
    at https://docs.getdbt.com/assets/js/main.8feb4399.js:4:588516
    at ix (https://docs.getdbt.com/assets/js/main.8feb4399.js:4:588523)
    at x (https://docs.getdbt.com/assets/js/main.8feb4399.js:11:40214)
    at MessagePort.L (https://docs.getdbt.com/assets/js/main.8feb4399.js:11:40744) {componentStack: 
    at h2
    at d (https://docs.getdbt.com/asset…s.getdbt.com/assets/js/main.8feb4399.js:4:631954), digest: null} @ https://docs.getdbt.com/assets/js/main.8feb4399.js:36
[    1439ms] [ERROR] Docusaurus React Root onRecoverableError: Error: Minified React error #418; visit https://reactjs.org/docs/error-decoder.html?invariant=418 for the full message or use the non-minified dev environment for full errors and additional helpful warnings.
    at ab (https://docs.getdbt.com/assets/js/main.8feb4399.js:4:540905)
    at l (https://docs.getdbt.com/assets/js/main.8feb4399.js:4:615693)
    at iM (https://docs.getdbt.com/assets/js/main.8feb4399.js:4:593467)
    at https://docs.getdbt.com/assets/js/main.8feb4399.js:4:588516
    at ix (https://docs.getdbt.com/assets/js/main.8feb4399.js:4:588523)
    at x (https://docs.getdbt.com/assets/js/main.8feb4399.js:11:40214)
    at MessagePort.L (https://docs.getdbt.com/assets/js/main.8feb4399.js:11:40744) {componentStack: 
    at u (https://docs.getdbt.com/assets/js/8c673…s.getdbt.com/assets/js/main.8feb4399.js:4:631954), digest: null} @ https://docs.getdbt.com/assets/js/main.8feb4399.js:36
[    1439ms] [ERROR] Docusaurus React Root onRecoverableError: Error: Minified React error #418; visit https://reactjs.org/docs/error-decoder.html?invariant=418 for the full message or use the non-minified dev environment for full errors and additional helpful warnings.
    at ab (https://docs.getdbt.com/assets/js/main.8feb4399.js:4:540905)
    at l (https://docs.getdbt.com/assets/js/main.8feb4399.js:4:615516)
    at iM (https://docs.getdbt.com/assets/js/main.8feb4399.js:4:593467)
    at https://docs.getdbt.com/assets/js/main.8feb4399.js:4:588516
    at ix (https://docs.getdbt.com/assets/js/main.8feb4399.js:4:588523)
    at x (https://docs.getdbt.com/assets/js/main.8feb4399.js:11:40214)
    at MessagePort.L (https://docs.getdbt.com/assets/js/main.8feb4399.js:11:40744) {componentStack: 
    at p
    at u (https://docs.getdbt.com/assets…s.getdbt.com/assets/js/main.8feb4399.js:4:631954), digest: null} @ https://docs.getdbt.com/assets/js/main.8feb4399.js:36
[    1439ms] [ERROR] Docusaurus React Root onRecoverableError: Error: Minified React error #418; visit https://reactjs.org/docs/error-decoder.html?invariant=418 for the full message or use the non-minified dev environment for full errors and additional helpful warnings.
    at ab (https://docs.getdbt.com/assets/js/main.8feb4399.js:4:540905)
    at l (https://docs.getdbt.com/assets/js/main.8feb4399.js:4:615693)
    at iM (https://docs.getdbt.com/assets/js/main.8feb4399.js:4:593467)
    at https://docs.getdbt.com/assets/js/main.8feb4399.js:4:588516
    at ix (https://docs.getdbt.com/assets/js/main.8feb4399.js:4:588523)
    at x (https://docs.getdbt.com/assets/js/main.8feb4399.js:11:40214)
    at MessagePort.L (https://docs.getdbt.com/assets/js/main.8feb4399.js:11:40744) {componentStack: 
    at u (https://docs.getdbt.com/assets/js/8c673…s.getdbt.com/assets/js/main.8feb4399.js:4:631954), digest: null} @ https://docs.getdbt.com/assets/js/main.8feb4399.js:36
[    1439ms] [ERROR] Docusaurus React Root onRecoverableError: Error: Minified React error #418; visit https://reactjs.org/docs/error-decoder.html?invariant=418 for the full message or use the non-minified dev environment for full errors and additional helpful warnings.
    at ab (https://docs.getdbt.com/assets/js/main.8feb4399.js:4:540905)
    at l (https://docs.getdbt.com/assets/js/main.8feb4399.js:4:615516)
    at iM (https://docs.getdbt.com/assets/js/main.8feb4399.js:4:593467)
    at https://docs.getdbt.com/assets/js/main.8feb4399.js:4:588516
    at ix (https://docs.getdbt.com/assets/js/main.8feb4399.js:4:588523)
    at x (https://docs.getdbt.com/assets/js/main.8feb4399.js:11:40214)
    at MessagePort.L (https://docs.getdbt.com/assets/js/main.8feb4399.js:11:40744) {componentStack: 
    at p
    at u (https://docs.getdbt.com/assets…s.getdbt.com/assets/js/main.8feb4399.js:4:631954), digest: null} @ https://docs.getdbt.com/assets/js/main.8feb4399.js:36
[    1439ms] [ERROR] Docusaurus React Root onRecoverableError: Error: Minified React error #418; visit https://reactjs.org/docs/error-decoder.html?invariant=418 for the full message or use the non-minified dev environment for full errors and additional helpful warnings.
    at ab (https://docs.getdbt.com/assets/js/main.8feb4399.js:4:540905)
    at l (https://docs.getdbt.com/assets/js/main.8feb4399.js:4:615693)
    at iM (https://docs.getdbt.com/assets/js/main.8feb4399.js:4:593467)
    at https://docs.getdbt.com/assets/js/main.8feb4399.js:4:588516
    at ix (https://docs.getdbt.com/assets/js/main.8feb4399.js:4:588523)
    at x (https://docs.getdbt.com/assets/js/main.8feb4399.js:11:40214)
    at MessagePort.L (https://docs.getdbt.com/assets/js/main.8feb4399.js:11:40744) {componentStack: 
    at u (https://docs.getdbt.com/assets/js/8c673…s.getdbt.com/assets/js/main.8feb4399.js:4:631954), digest: null} @ https://docs.getdbt.com/assets/js/main.8feb4399.js:36
[    1439ms] [ERROR] Docusaurus React Root onRecoverableError: Error: Minified React error #418; visit https://reactjs.org/docs/error-decoder.html?invariant=418 for the full message or use the non-minified dev environment for full errors and additional helpful warnings.
    at ab (https://docs.getdbt.com/assets/js/main.8feb4399.js:4:540905)
    at l (https://docs.getdbt.com/assets/js/main.8feb4399.js:4:615516)
    at iM (https://docs.getdbt.com/assets/js/main.8feb4399.js:4:593467)
    at https://docs.getdbt.com/assets/js/main.8feb4399.js:4:588516
    at ix (https://docs.getdbt.com/assets/js/main.8feb4399.js:4:588523)
    at x (https://docs.getdbt.com/assets/js/main.8feb4399.js:11:40214)
    at MessagePort.L (https://docs.getdbt.com/assets/js/main.8feb4399.js:11:40744) {componentStack: 
    at p
    at u (https://docs.getdbt.com/assets…s.getdbt.com/assets/js/main.8feb4399.js:4:631954), digest: null} @ https://docs.getdbt.com/assets/js/main.8feb4399.js:36
[    1439ms] [ERROR] Docusaurus React Root onRecoverableError: Error: Minified React error #418; visit https://reactjs.org/docs/error-decoder.html?invariant=418 for the full message or use the non-minified dev environment for full errors and additional helpful warnings.
    at ab (https://docs.getdbt.com/assets/js/main.8feb4399.js:4:540905)
    at l (https://docs.getdbt.com/assets/js/main.8feb4399.js:4:615693)
    at iM (https://docs.getdbt.com/assets/js/main.8feb4399.js:4:593467)
    at https://docs.getdbt.com/assets/js/main.8feb4399.js:4:588516
    at ix (https://docs.getdbt.com/assets/js/main.8feb4399.js:4:588523)
    at x (https://docs.getdbt.com/assets/js/main.8feb4399.js:11:40214)
    at MessagePort.L (https://docs.getdbt.com/assets/js/main.8feb4399.js:11:40744) {componentStack: 
    at u (https://docs.getdbt.com/assets/js/8c673…s.getdbt.com/assets/js/main.8feb4399.js:4:631954), digest: null} @ https://docs.getdbt.com/assets/js/main.8feb4399.js:36
[    1439ms] [ERROR] Docusaurus React Root onRecoverableError: Error: Minified React error #418; visit https://reactjs.org/docs/error-decoder.html?invariant=418 for the full message or use the non-minified dev environment for full errors and additional helpful warnings.
    at ab (https://docs.getdbt.com/assets/js/main.8feb4399.js:4:540905)
    at l (https://docs.getdbt.com/assets/js/main.8feb4399.js:4:615516)
    at iM (https://docs.getdbt.com/assets/js/main.8feb4399.js:4:593467)
    at https://docs.getdbt.com/assets/js/main.8feb4399.js:4:588516
    at ix (https://docs.getdbt.com/assets/js/main.8feb4399.js:4:588523)
    at x (https://docs.getdbt.com/assets/js/main.8feb4399.js:11:40214)
    at MessagePort.L (https://docs.getdbt.com/assets/js/main.8feb4399.js:11:40744) {componentStack: 
    at p
    at u (https://docs.getdbt.com/assets…s.getdbt.com/assets/js/main.8feb4399.js:4:631954), digest: null} @ https://docs.getdbt.com/assets/js/main.8feb4399.js:36
[    1439ms] [ERROR] Docusaurus React Root onRecoverableError: Error: Minified React error #418; visit https://reactjs.org/docs/error-decoder.html?invariant=418 for the full message or use the non-minified dev environment for full errors and additional helpful warnings.
    at ab (https://docs.getdbt.com/assets/js/main.8feb4399.js:4:540905)
    at l (https://docs.getdbt.com/assets/js/main.8feb4399.js:4:615693)
    at iM (https://docs.getdbt.com/assets/js/main.8feb4399.js:4:593467)
    at https://docs.getdbt.com/assets/js/main.8feb4399.js:4:588516
    at ix (https://docs.getdbt.com/assets/js/main.8feb4399.js:4:588523)
    at x (https://docs.getdbt.com/assets/js/main.8feb4399.js:11:40214)
    at MessagePort.L (https://docs.getdbt.com/assets/js/main.8feb4399.js:11:40744) {componentStack: 
    at u (https://docs.getdbt.com/assets/js/8c673…s.getdbt.com/assets/js/main.8feb4399.js:4:631954), digest: null} @ https://docs.getdbt.com/assets/js/main.8feb4399.js:36
[    1439ms] [ERROR] Docusaurus React Root onRecoverableError: Error: Minified React error #418; visit https://reactjs.org/docs/error-decoder.html?invariant=418 for the full message or use the non-minified dev environment for full errors and additional helpful warnings.
    at ab (https://docs.getdbt.com/assets/js/main.8feb4399.js:4:540905)
    at l (https://docs.getdbt.com/assets/js/main.8feb4399.js:4:615516)
    at iM (https://docs.getdbt.com/assets/js/main.8feb4399.js:4:593467)
    at https://docs.getdbt.com/assets/js/main.8feb4399.js:4:588516
    at ix (https://docs.getdbt.com/assets/js/main.8feb4399.js:4:588523)
    at x (https://docs.getdbt.com/assets/js/main.8feb4399.js:11:40214)
    at MessagePort.L (https://docs.getdbt.com/assets/js/main.8feb4399.js:11:40744) {componentStack: 
    at p
    at u (https://docs.getdbt.com/assets…s.getdbt.com/assets/js/main.8feb4399.js:4:631954), digest: null} @ https://docs.getdbt.com/assets/js/main.8feb4399.js:36
[    1439ms] [ERROR] Docusaurus React Root onRecoverableError: Error: Minified React error #418; visit https://reactjs.org/docs/error-decoder.html?invariant=418 for the full message or use the non-minified dev environment for full errors and additional helpful warnings.
    at ab (https://docs.getdbt.com/assets/js/main.8feb4399.js:4:540905)
    at l (https://docs.getdbt.com/assets/js/main.8feb4399.js:4:615693)
    at iM (https://docs.getdbt.com/assets/js/main.8feb4399.js:4:593467)
    at https://docs.getdbt.com/assets/js/main.8feb4399.js:4:588516
    at ix (https://docs.getdbt.com/assets/js/main.8feb4399.js:4:588523)
    at x (https://docs.getdbt.com/assets/js/main.8feb4399.js:11:40214)
    at MessagePort.L (https://docs.getdbt.com/assets/js/main.8feb4399.js:11:40744) {componentStack: 
    at u (https://docs.getdbt.com/assets/js/8c673…s.getdbt.com/assets/js/main.8feb4399.js:4:631954), digest: null} @ https://docs.getdbt.com/assets/js/main.8feb4399.js:36
[    1439ms] [ERROR] Docusaurus React Root onRecoverableError: Error: Minified React error #418; visit https://reactjs.org/docs/error-decoder.html?invariant=418 for the full message or use the non-minified dev environment for full errors and additional helpful warnings.
    at ab (https://docs.getdbt.com/assets/js/main.8feb4399.js:4:540905)
    at l (https://docs.getdbt.com/assets/js/main.8feb4399.js:4:615516)
    at iM (https://docs.getdbt.com/assets/js/main.8feb4399.js:4:593467)
    at https://docs.getdbt.com/assets/js/main.8feb4399.js:4:588516
    at ix (https://docs.getdbt.com/assets/js/main.8feb4399.js:4:588523)
    at x (https://docs.getdbt.com/assets/js/main.8feb4399.js:11:40214)
    at MessagePort.L (https://docs.getdbt.com/assets/js/main.8feb4399.js:11:40744) {componentStack: 
    at details
    at Expandable (https://docs.ge…s.getdbt.com/assets/js/main.8feb4399.js:4:631954), digest: null} @ https://docs.getdbt.com/assets/js/main.8feb4399.js:36
[    1439ms] [ERROR] Docusaurus React Root onRecoverableError: Error: Minified React error #418; visit https://reactjs.org/docs/error-decoder.html?invariant=418 for the full message or use the non-minified dev environment for full errors and additional helpful warnings.
    at ab (https://docs.getdbt.com/assets/js/main.8feb4399.js:4:540905)
    at l (https://docs.getdbt.com/assets/js/main.8feb4399.js:4:615693)
    at iM (https://docs.getdbt.com/assets/js/main.8feb4399.js:4:593467)
    at https://docs.getdbt.com/assets/js/main.8feb4399.js:4:588516
    at ix (https://docs.getdbt.com/assets/js/main.8feb4399.js:4:588523)
    at x (https://docs.getdbt.com/assets/js/main.8feb4399.js:11:40214)
    at MessagePort.L (https://docs.getdbt.com/assets/js/main.8feb4399.js:11:40744) {componentStack: 
    at u (https://docs.getdbt.com/assets/js/8c673…s.getdbt.com/assets/js/main.8feb4399.js:4:631954), digest: null} @ https://docs.getdbt.com/assets/js/main.8feb4399.js:36
[    1439ms] [ERROR] Docusaurus React Root onRecoverableError: Error: Minified React error #418; visit https://reactjs.org/docs/error-decoder.html?invariant=418 for the full message or use the non-minified dev environment for full errors and additional helpful warnings.
    at ab (https://docs.getdbt.com/assets/js/main.8feb4399.js:4:540905)
    at l (https://docs.getdbt.com/assets/js/main.8feb4399.js:4:615516)
    at iM (https://docs.getdbt.com/assets/js/main.8feb4399.js:4:593467)
    at https://docs.getdbt.com/assets/js/main.8feb4399.js:4:588516
    at ix (https://docs.getdbt.com/assets/js/main.8feb4399.js:4:588523)
    at x (https://docs.getdbt.com/assets/js/main.8feb4399.js:11:40214)
    at MessagePort.L (https://docs.getdbt.com/assets/js/main.8feb4399.js:11:40744) {componentStack: 
    at h3
    at d (https://docs.getdbt.com/asset…s.getdbt.com/assets/js/main.8feb4399.js:4:631954), digest: null} @ https://docs.getdbt.com/assets/js/main.8feb4399.js:36
[    1439ms] [ERROR] Docusaurus React Root onRecoverableError: Error: Minified React error #418; visit https://reactjs.org/docs/error-decoder.html?invariant=418 for the full message or use the non-minified dev environment for full errors and additional helpful warnings.
    at ab (https://docs.getdbt.com/assets/js/main.8feb4399.js:4:540905)
    at l (https://docs.getdbt.com/assets/js/main.8feb4399.js:4:615693)
    at iM (https://docs.getdbt.com/assets/js/main.8feb4399.js:4:593467)
    at https://docs.getdbt.com/assets/js/main.8feb4399.js:4:588516
    at ix (https://docs.getdbt.com/assets/js/main.8feb4399.js:4:588523)
    at x (https://docs.getdbt.com/assets/js/main.8feb4399.js:11:40214)
    at MessagePort.L (https://docs.getdbt.com/assets/js/main.8feb4399.js:11:40744) {componentStack: 
    at u (https://docs.getdbt.com/assets/js/8c673…s.getdbt.com/assets/js/main.8feb4399.js:4:631954), digest: null} @ https://docs.getdbt.com/assets/js/main.8feb4399.js:36
[    1439ms] [ERROR] Docusaurus React Root onRecoverableError: Error: Minified React error #418; visit https://reactjs.org/docs/error-decoder.html?invariant=418 for the full message or use the non-minified dev environment for full errors and additional helpful warnings.
    at ab (https://docs.getdbt.com/assets/js/main.8feb4399.js:4:540905)
    at l (https://docs.getdbt.com/assets/js/main.8feb4399.js:4:615516)
    at iM (https://docs.getdbt.com/assets/js/main.8feb4399.js:4:593467)
    at https://docs.getdbt.com/assets/js/main.8feb4399.js:4:588516
    at ix (https://docs.getdbt.com/assets/js/main.8feb4399.js:4:588523)
    at x (https://docs.getdbt.com/assets/js/main.8feb4399.js:11:40214)
    at MessagePort.L (https://docs.getdbt.com/assets/js/main.8feb4399.js:11:40744) {componentStack: 
    at p
    at u (https://docs.getdbt.com/assets…s.getdbt.com/assets/js/main.8feb4399.js:4:631954), digest: null} @ https://docs.getdbt.com/assets/js/main.8feb4399.js:36
[    1440ms] [ERROR] Docusaurus React Root onRecoverableError: Error: Minified React error #418; visit https://reactjs.org/docs/error-decoder.html?invariant=418 for the full message or use the non-minified dev environment for full errors and additional helpful warnings.
    at ab (https://docs.getdbt.com/assets/js/main.8feb4399.js:4:540905)
    at l (https://docs.getdbt.com/assets/js/main.8feb4399.js:4:615693)
    at iM (https://docs.getdbt.com/assets/js/main.8feb4399.js:4:593467)
    at https://docs.getdbt.com/assets/js/main.8feb4399.js:4:588516
    at ix (https://docs.getdbt.com/assets/js/main.8feb4399.js:4:588523)
    at x (https://docs.getdbt.com/assets/js/main.8feb4399.js:11:40214)
    at MessagePort.L (https://docs.getdbt.com/assets/js/main.8feb4399.js:11:40744) {componentStack: 
    at u (https://docs.getdbt.com/assets/js/8c673…s.getdbt.com/assets/js/main.8feb4399.js:4:631954), digest: null} @ https://docs.getdbt.com/assets/js/main.8feb4399.js:36
[    1440ms] [ERROR] Docusaurus React Root onRecoverableError: Error: Minified React error #418; visit https://reactjs.org/docs/error-decoder.html?invariant=418 for the full message or use the non-minified dev environment for full errors and additional helpful warnings.
    at ab (https://docs.getdbt.com/assets/js/main.8feb4399.js:4:540905)
    at l (https://docs.getdbt.com/assets/js/main.8feb4399.js:4:615516)
    at iM (https://docs.getdbt.com/assets/js/main.8feb4399.js:4:593467)
    at https://docs.getdbt.com/assets/js/main.8feb4399.js:4:588516
    at ix (https://docs.getdbt.com/assets/js/main.8feb4399.js:4:588523)
    at x (https://docs.getdbt.com/assets/js/main.8feb4399.js:11:40214)
    at MessagePort.L (https://docs.getdbt.com/assets/js/main.8feb4399.js:11:40744) {componentStack: 
    at ol
    at u (https://docs.getdbt.com/asset…s.getdbt.com/assets/js/main.8feb4399.js:4:631954), digest: null} @ https://docs.getdbt.com/assets/js/main.8feb4399.js:36
[    1440ms] [ERROR] Docusaurus React Root onRecoverableError: Error: Minified React error #418; visit https://reactjs.org/docs/error-decoder.html?invariant=418 for the full message or use the non-minified dev environment for full errors and additional helpful warnings.
    at ab (https://docs.getdbt.com/assets/js/main.8feb4399.js:4:540905)
    at l (https://docs.getdbt.com/assets/js/main.8feb4399.js:4:615693)
    at iM (https://docs.getdbt.com/assets/js/main.8feb4399.js:4:593467)
    at https://docs.getdbt.com/assets/js/main.8feb4399.js:4:588516
    at ix (https://docs.getdbt.com/assets/js/main.8feb4399.js:4:588523)
    at x (https://docs.getdbt.com/assets/js/main.8feb4399.js:11:40214)
    at MessagePort.L (https://docs.getdbt.com/assets/js/main.8feb4399.js:11:40744) {componentStack: 
    at u (https://docs.getdbt.com/assets/js/8c673…s.getdbt.com/assets/js/main.8feb4399.js:4:631954), digest: null} @ https://docs.getdbt.com/assets/js/main.8feb4399.js:36
[    1440ms] [ERROR] Docusaurus React Root onRecoverableError: Error: Minified React error #418; visit https://reactjs.org/docs/error-decoder.html?invariant=418 for the full message or use the non-minified dev environment for full errors and additional helpful warnings.
    at ab (https://docs.getdbt.com/assets/js/main.8feb4399.js:4:540905)
    at l (https://docs.getdbt.com/assets/js/main.8feb4399.js:4:615516)
    at iM (https://docs.getdbt.com/assets/js/main.8feb4399.js:4:593467)
    at https://docs.getdbt.com/assets/js/main.8feb4399.js:4:588516
    at ix (https://docs.getdbt.com/assets/js/main.8feb4399.js:4:588523)
    at x (https://docs.getdbt.com/assets/js/main.8feb4399.js:11:40214)
    at MessagePort.L (https://docs.getdbt.com/assets/js/main.8feb4399.js:11:40744) {componentStack: 
    at link
    at Lightbox (https://docs.getdbt.…s.getdbt.com/assets/js/main.8feb4399.js:4:631954), digest: null} @ https://docs.getdbt.com/assets/js/main.8feb4399.js:36
[    1440ms] [ERROR] Docusaurus React Root onRecoverableError: Error: Minified React error #418; visit https://reactjs.org/docs/error-decoder.html?invariant=418 for the full message or use the non-minified dev environment for full errors and additional helpful warnings.
    at ab (https://docs.getdbt.com/assets/js/main.8feb4399.js:4:540905)
    at l (https://docs.getdbt.com/assets/js/main.8feb4399.js:4:615516)
    at iM (https://docs.getdbt.com/assets/js/main.8feb4399.js:4:593467)
    at https://docs.getdbt.com/assets/js/main.8feb4399.js:4:588516
    at ix (https://docs.getdbt.com/assets/js/main.8feb4399.js:4:588523)
    at x (https://docs.getdbt.com/assets/js/main.8feb4399.js:11:40214)
    at MessagePort.L (https://docs.getdbt.com/assets/js/main.8feb4399.js:11:40744) {componentStack: 
    at div
    at Lightbox (https://docs.getdbt.c…s.getdbt.com/assets/js/main.8feb4399.js:4:631954), digest: null} @ https://docs.getdbt.com/assets/js/main.8feb4399.js:36
[    1440ms] [ERROR] Docusaurus React Root onRecoverableError: Error: Minified React error #418; visit https://reactjs.org/docs/error-decoder.html?invariant=418 for the full message or use the non-minified dev environment for full errors and additional helpful warnings.
    at ab (https://docs.getdbt.com/assets/js/main.8feb4399.js:4:540905)
    at l (https://docs.getdbt.com/assets/js/main.8feb4399.js:4:615693)
    at iM (https://docs.getdbt.com/assets/js/main.8feb4399.js:4:593467)
    at https://docs.getdbt.com/assets/js/main.8feb4399.js:4:588516
    at ix (https://docs.getdbt.com/assets/js/main.8feb4399.js:4:588523)
    at x (https://docs.getdbt.com/assets/js/main.8feb4399.js:11:40214)
    at MessagePort.L (https://docs.getdbt.com/assets/js/main.8feb4399.js:11:40744) {componentStack: 
    at u (https://docs.getdbt.com/assets/js/8c673…s.getdbt.com/assets/js/main.8feb4399.js:4:631954), digest: null} @ https://docs.getdbt.com/assets/js/main.8feb4399.js:36
[    1440ms] [ERROR] Docusaurus React Root onRecoverableError: Error: Minified React error #418; visit https://reactjs.org/docs/error-decoder.html?invariant=418 for the full message or use the non-minified dev environment for full errors and additional helpful warnings.
    at ab (https://docs.getdbt.com/assets/js/main.8feb4399.js:4:540905)
    at l (https://docs.getdbt.com/assets/js/main.8feb4399.js:4:615516)
    at iM (https://docs.getdbt.com/assets/js/main.8feb4399.js:4:593467)
    at https://docs.getdbt.com/assets/js/main.8feb4399.js:4:588516
    at ix (https://docs.getdbt.com/assets/js/main.8feb4399.js:4:588523)
    at x (https://docs.getdbt.com/assets/js/main.8feb4399.js:11:40214)
    at MessagePort.L (https://docs.getdbt.com/assets/js/main.8feb4399.js:11:40744) {componentStack: 
    at h2
    at d (https://docs.getdbt.com/asset…s.getdbt.com/assets/js/main.8feb4399.js:4:631954), digest: null} @ https://docs.getdbt.com/assets/js/main.8feb4399.js:36
[    1440ms] [ERROR] Docusaurus React Root onRecoverableError: Error: Minified React error #418; visit https://reactjs.org/docs/error-decoder.html?invariant=418 for the full message or use the non-minified dev environment for full errors and additional helpful warnings.
    at ab (https://docs.getdbt.com/assets/js/main.8feb4399.js:4:540905)
    at l (https://docs.getdbt.com/assets/js/main.8feb4399.js:4:615693)
    at iM (https://docs.getdbt.com/assets/js/main.8feb4399.js:4:593467)
    at https://docs.getdbt.com/assets/js/main.8feb4399.js:4:588516
    at ix (https://docs.getdbt.com/assets/js/main.8feb4399.js:4:588523)
    at x (https://docs.getdbt.com/assets/js/main.8feb4399.js:11:40214)
    at MessagePort.L (https://docs.getdbt.com/assets/js/main.8feb4399.js:11:40744) {componentStack: 
    at u (https://docs.getdbt.com/assets/js/8c673…s.getdbt.com/assets/js/main.8feb4399.js:4:631954), digest: null} @ https://docs.getdbt.com/assets/js/main.8feb4399.js:36
[    1440ms] [ERROR] Docusaurus React Root onRecoverableError: Error: Minified React error #418; visit https://reactjs.org/docs/error-decoder.html?invariant=418 for the full message or use the non-minified dev environment for full errors and additional helpful warnings.
    at ab (https://docs.getdbt.com/assets/js/main.8feb4399.js:4:540905)
    at l (https://docs.getdbt.com/assets/js/main.8feb4399.js:4:615516)
    at iM (https://docs.getdbt.com/assets/js/main.8feb4399.js:4:593467)
    at https://docs.getdbt.com/assets/js/main.8feb4399.js:4:588516
    at ix (https://docs.getdbt.com/assets/js/main.8feb4399.js:4:588523)
    at x (https://docs.getdbt.com/assets/js/main.8feb4399.js:11:40214)
    at MessagePort.L (https://docs.getdbt.com/assets/js/main.8feb4399.js:11:40744) {componentStack: 
    at p
    at u (https://docs.getdbt.com/assets…s.getdbt.com/assets/js/main.8feb4399.js:4:631954), digest: null} @ https://docs.getdbt.com/assets/js/main.8feb4399.js:36
[    1440ms] [ERROR] Docusaurus React Root onRecoverableError: Error: Minified React error #418; visit https://reactjs.org/docs/error-decoder.html?invariant=418 for the full message or use the non-minified dev environment for full errors and additional helpful warnings.
    at ab (https://docs.getdbt.com/assets/js/main.8feb4399.js:4:540905)
    at l (https://docs.getdbt.com/assets/js/main.8feb4399.js:4:615693)
    at iM (https://docs.getdbt.com/assets/js/main.8feb4399.js:4:593467)
    at https://docs.getdbt.com/assets/js/main.8feb4399.js:4:588516
    at ix (https://docs.getdbt.com/assets/js/main.8feb4399.js:4:588523)
    at x (https://docs.getdbt.com/assets/js/main.8feb4399.js:11:40214)
    at MessagePort.L (https://docs.getdbt.com/assets/js/main.8feb4399.js:11:40744) {componentStack: 
    at u (https://docs.getdbt.com/assets/js/8c673…s.getdbt.com/assets/js/main.8feb4399.js:4:631954), digest: null} @ https://docs.getdbt.com/assets/js/main.8feb4399.js:36
[    1440ms] [ERROR] Docusaurus React Root onRecoverableError: Error: Minified React error #418; visit https://reactjs.org/docs/error-decoder.html?invariant=418 for the full message or use the non-minified dev environment for full errors and additional helpful warnings.
    at ab (https://docs.getdbt.com/assets/js/main.8feb4399.js:4:540905)
    at l (https://docs.getdbt.com/assets/js/main.8feb4399.js:4:615516)
    at iM (https://docs.getdbt.com/assets/js/main.8feb4399.js:4:593467)
    at https://docs.getdbt.com/assets/js/main.8feb4399.js:4:588516
    at ix (https://docs.getdbt.com/assets/js/main.8feb4399.js:4:588523)
    at x (https://docs.getdbt.com/assets/js/main.8feb4399.js:11:40214)
    at MessagePort.L (https://docs.getdbt.com/assets/js/main.8feb4399.js:11:40744) {componentStack: 
    at p
    at u (https://docs.getdbt.com/assets…s.getdbt.com/assets/js/main.8feb4399.js:4:631954), digest: null} @ https://docs.getdbt.com/assets/js/main.8feb4399.js:36
[    1440ms] [ERROR] Docusaurus React Root onRecoverableError: Error: Minified React error #418; visit https://reactjs.org/docs/error-decoder.html?invariant=418 for the full message or use the non-minified dev environment for full errors and additional helpful warnings.
    at ab (https://docs.getdbt.com/assets/js/main.8feb4399.js:4:540905)
    at l (https://docs.getdbt.com/assets/js/main.8feb4399.js:4:615693)
    at iM (https://docs.getdbt.com/assets/js/main.8feb4399.js:4:593467)
    at https://docs.getdbt.com/assets/js/main.8feb4399.js:4:588516
    at ix (https://docs.getdbt.com/assets/js/main.8feb4399.js:4:588523)
    at x (https://docs.getdbt.com/assets/js/main.8feb4399.js:11:40214)
    at MessagePort.L (https://docs.getdbt.com/assets/js/main.8feb4399.js:11:40744) {componentStack: 
    at u (https://docs.getdbt.com/assets/js/8c673…s.getdbt.com/assets/js/main.8feb4399.js:4:631954), digest: null} @ https://docs.getdbt.com/assets/js/main.8feb4399.js:36
[    1440ms] [ERROR] Docusaurus React Root onRecoverableError: Error: Minified React error #418; visit https://reactjs.org/docs/error-decoder.html?invariant=418 for the full message or use the non-minified dev environment for full errors and additional helpful warnings.
    at ab (https://docs.getdbt.com/assets/js/main.8feb4399.js:4:540905)
    at l (https://docs.getdbt.com/assets/js/main.8feb4399.js:4:615516)
    at iM (https://docs.getdbt.com/assets/js/main.8feb4399.js:4:593467)
    at https://docs.getdbt.com/assets/js/main.8feb4399.js:4:588516
    at ix (https://docs.getdbt.com/assets/js/main.8feb4399.js:4:588523)
    at x (https://docs.getdbt.com/assets/js/main.8feb4399.js:11:40214)
    at MessagePort.L (https://docs.getdbt.com/assets/js/main.8feb4399.js:11:40744) {componentStack: 
    at p
    at u (https://docs.getdbt.com/assets…s.getdbt.com/assets/js/main.8feb4399.js:4:631954), digest: null} @ https://docs.getdbt.com/assets/js/main.8feb4399.js:36
[    1440ms] [ERROR] Docusaurus React Root onRecoverableError: Error: Minified React error #418; visit https://reactjs.org/docs/error-decoder.html?invariant=418 for the full message or use the non-minified dev environment for full errors and additional helpful warnings.
    at ab (https://docs.getdbt.com/assets/js/main.8feb4399.js:4:540905)
    at l (https://docs.getdbt.com/assets/js/main.8feb4399.js:4:615693)
    at iM (https://docs.getdbt.com/assets/js/main.8feb4399.js:4:593467)
    at https://docs.getdbt.com/assets/js/main.8feb4399.js:4:588516
    at ix (https://docs.getdbt.com/assets/js/main.8feb4399.js:4:588523)
    at x (https://docs.getdbt.com/assets/js/main.8feb4399.js:11:40214)
    at MessagePort.L (https://docs.getdbt.com/assets/js/main.8feb4399.js:11:40744) {componentStack: 
    at u (https://docs.getdbt.com/assets/js/8c673…s.getdbt.com/assets/js/main.8feb4399.js:4:631954), digest: null} @ https://docs.getdbt.com/assets/js/main.8feb4399.js:36
[    1440ms] [ERROR] Docusaurus React Root onRecoverableError: Error: Minified React error #418; visit https://reactjs.org/docs/error-decoder.html?invariant=418 for the full message or use the non-minified dev environment for full errors and additional helpful warnings.
    at ab (https://docs.getdbt.com/assets/js/main.8feb4399.js:4:540905)
    at l (https://docs.getdbt.com/assets/js/main.8feb4399.js:4:615516)
    at iM (https://docs.getdbt.com/assets/js/main.8feb4399.js:4:593467)
    at https://docs.getdbt.com/assets/js/main.8feb4399.js:4:588516
    at ix (https://docs.getdbt.com/assets/js/main.8feb4399.js:4:588523)
    at x (https://docs.getdbt.com/assets/js/main.8feb4399.js:11:40214)
    at MessagePort.L (https://docs.getdbt.com/assets/js/main.8feb4399.js:11:40744) {componentStack: 
    at details
    at Expandable (https://docs.ge…s.getdbt.com/assets/js/main.8feb4399.js:4:631954), digest: null} @ https://docs.getdbt.com/assets/js/main.8feb4399.js:36
[    1440ms] [ERROR] Docusaurus React Root onRecoverableError: Error: Minified React error #418; visit https://reactjs.org/docs/error-decoder.html?invariant=418 for the full message or use the non-minified dev environment for full errors and additional helpful warnings.
    at ab (https://docs.getdbt.com/assets/js/main.8feb4399.js:4:540905)
    at l (https://docs.getdbt.com/assets/js/main.8feb4399.js:4:615693)
    at iM (https://docs.getdbt.com/assets/js/main.8feb4399.js:4:593467)
    at https://docs.getdbt.com/assets/js/main.8feb4399.js:4:588516
    at ix (https://docs.getdbt.com/assets/js/main.8feb4399.js:4:588523)
    at x (https://docs.getdbt.com/assets/js/main.8feb4399.js:11:40214)
    at MessagePort.L (https://docs.getdbt.com/assets/js/main.8feb4399.js:11:40744) {componentStack: 
    at u (https://docs.getdbt.com/assets/js/8c673…s.getdbt.com/assets/js/main.8feb4399.js:4:631954), digest: null} @ https://docs.getdbt.com/assets/js/main.8feb4399.js:36
[    1441ms] [ERROR] Docusaurus React Root onRecoverableError: Error: Minified React error #418; visit https://reactjs.org/docs/error-decoder.html?invariant=418 for the full message or use the non-minified dev environment for full errors and additional helpful warnings.
    at ab (https://docs.getdbt.com/assets/js/main.8feb4399.js:4:540905)
    at l (https://docs.getdbt.com/assets/js/main.8feb4399.js:4:615516)
    at iM (https://docs.getdbt.com/assets/js/main.8feb4399.js:4:593467)
    at https://docs.getdbt.com/assets/js/main.8feb4399.js:4:588516
    at ix (https://docs.getdbt.com/assets/js/main.8feb4399.js:4:588523)
    at x (https://docs.getdbt.com/assets/js/main.8feb4399.js:11:40214)
    at MessagePort.L (https://docs.getdbt.com/assets/js/main.8feb4399.js:11:40744) {componentStack: 
    at h3
    at d (https://docs.getdbt.com/asset…s.getdbt.com/assets/js/main.8feb4399.js:4:631954), digest: null} @ https://docs.getdbt.com/assets/js/main.8feb4399.js:36
[    1441ms] [ERROR] Docusaurus React Root onRecoverableError: Error: Minified React error #418; visit https://reactjs.org/docs/error-decoder.html?invariant=418 for the full message or use the non-minified dev environment for full errors and additional helpful warnings.
    at ab (https://docs.getdbt.com/assets/js/main.8feb4399.js:4:540905)
    at l (https://docs.getdbt.com/assets/js/main.8feb4399.js:4:615693)
    at iM (https://docs.getdbt.com/assets/js/main.8feb4399.js:4:593467)
    at https://docs.getdbt.com/assets/js/main.8feb4399.js:4:588516
    at ix (https://docs.getdbt.com/assets/js/main.8feb4399.js:4:588523)
    at x (https://docs.getdbt.com/assets/js/main.8feb4399.js:11:40214)
    at MessagePort.L (https://docs.getdbt.com/assets/js/main.8feb4399.js:11:40744) {componentStack: 
    at u (https://docs.getdbt.com/assets/js/8c673…s.getdbt.com/assets/js/main.8feb4399.js:4:631954), digest: null} @ https://docs.getdbt.com/assets/js/main.8feb4399.js:36
[    1441ms] [ERROR] Docusaurus React Root onRecoverableError: Error: Minified React error #418; visit https://reactjs.org/docs/error-decoder.html?invariant=418 for the full message or use the non-minified dev environment for full errors and additional helpful warnings.
    at ab (https://docs.getdbt.com/assets/js/main.8feb4399.js:4:540905)
    at l (https://docs.getdbt.com/assets/js/main.8feb4399.js:4:615516)
    at iM (https://docs.getdbt.com/assets/js/main.8feb4399.js:4:593467)
    at https://docs.getdbt.com/assets/js/main.8feb4399.js:4:588516
    at ix (https://docs.getdbt.com/assets/js/main.8feb4399.js:4:588523)
    at x (https://docs.getdbt.com/assets/js/main.8feb4399.js:11:40214)
    at MessagePort.L (https://docs.getdbt.com/assets/js/main.8feb4399.js:11:40744) {componentStack: 
    at p
    at u (https://docs.getdbt.com/assets…s.getdbt.com/assets/js/main.8feb4399.js:4:631954), digest: null} @ https://docs.getdbt.com/assets/js/main.8feb4399.js:36
[    1441ms] [ERROR] Docusaurus React Root onRecoverableError: Error: Minified React error #418; visit https://reactjs.org/docs/error-decoder.html?invariant=418 for the full message or use the non-minified dev environment for full errors and additional helpful warnings.
    at ab (https://docs.getdbt.com/assets/js/main.8feb4399.js:4:540905)
    at l (https://docs.getdbt.com/assets/js/main.8feb4399.js:4:615693)
    at iM (https://docs.getdbt.com/assets/js/main.8feb4399.js:4:593467)
    at https://docs.getdbt.com/assets/js/main.8feb4399.js:4:588516
    at ix (https://docs.getdbt.com/assets/js/main.8feb4399.js:4:588523)
    at x (https://docs.getdbt.com/assets/js/main.8feb4399.js:11:40214)
    at MessagePort.L (https://docs.getdbt.com/assets/js/main.8feb4399.js:11:40744) {componentStack: 
    at u (https://docs.getdbt.com/assets/js/8c673…s.getdbt.com/assets/js/main.8feb4399.js:4:631954), digest: null} @ https://docs.getdbt.com/assets/js/main.8feb4399.js:36
[    1441ms] [ERROR] Docusaurus React Root onRecoverableError: Error: Minified React error #418; visit https://reactjs.org/docs/error-decoder.html?invariant=418 for the full message or use the non-minified dev environment for full errors and additional helpful warnings.
    at ab (https://docs.getdbt.com/assets/js/main.8feb4399.js:4:540905)
    at l (https://docs.getdbt.com/assets/js/main.8feb4399.js:4:615516)
    at iM (https://docs.getdbt.com/assets/js/main.8feb4399.js:4:593467)
    at https://docs.getdbt.com/assets/js/main.8feb4399.js:4:588516
    at ix (https://docs.getdbt.com/assets/js/main.8feb4399.js:4:588523)
    at x (https://docs.getdbt.com/assets/js/main.8feb4399.js:11:40214)
    at MessagePort.L (https://docs.getdbt.com/assets/js/main.8feb4399.js:11:40744) {componentStack: 
    at ul
    at a (https://docs.getdbt.com/asset…s.getdbt.com/assets/js/main.8feb4399.js:4:631954), digest: null} @ https://docs.getdbt.com/assets/js/main.8feb4399.js:36
[    1441ms] [ERROR] Docusaurus React Root onRecoverableError: Error: Minified React error #418; visit https://reactjs.org/docs/error-decoder.html?invariant=418 for the full message or use the non-minified dev environment for full errors and additional helpful warnings.
    at ab (https://docs.getdbt.com/assets/js/main.8feb4399.js:4:540905)
    at l (https://docs.getdbt.com/assets/js/main.8feb4399.js:4:615693)
    at iM (https://docs.getdbt.com/assets/js/main.8feb4399.js:4:593467)
    at https://docs.getdbt.com/assets/js/main.8feb4399.js:4:588516
    at ix (https://docs.getdbt.com/assets/js/main.8feb4399.js:4:588523)
    at x (https://docs.getdbt.com/assets/js/main.8feb4399.js:11:40214)
    at MessagePort.L (https://docs.getdbt.com/assets/js/main.8feb4399.js:11:40744) {componentStack: 
    at u (https://docs.getdbt.com/assets/js/8c673…s.getdbt.com/assets/js/main.8feb4399.js:4:631954), digest: null} @ https://docs.getdbt.com/assets/js/main.8feb4399.js:36
[    1441ms] [ERROR] Docusaurus React Root onRecoverableError: Error: Minified React error #418; visit https://reactjs.org/docs/error-decoder.html?invariant=418 for the full message or use the non-minified dev environment for full errors and additional helpful warnings.
    at ab (https://docs.getdbt.com/assets/js/main.8feb4399.js:4:540905)
    at l (https://docs.getdbt.com/assets/js/main.8feb4399.js:4:615516)
    at iM (https://docs.getdbt.com/assets/js/main.8feb4399.js:4:593467)
    at https://docs.getdbt.com/assets/js/main.8feb4399.js:4:588516
    at ix (https://docs.getdbt.com/assets/js/main.8feb4399.js:4:588523)
    at x (https://docs.getdbt.com/assets/js/main.8feb4399.js:11:40214)
    at MessagePort.L (https://docs.getdbt.com/assets/js/main.8feb4399.js:11:40744) {componentStack: 
    at link
    at Lightbox (https://docs.getdbt.…s.getdbt.com/assets/js/main.8feb4399.js:4:631954), digest: null} @ https://docs.getdbt.com/assets/js/main.8feb4399.js:36
[    1441ms] [ERROR] Docusaurus React Root onRecoverableError: Error: Minified React error #418; visit https://reactjs.org/docs/error-decoder.html?invariant=418 for the full message or use the non-minified dev environment for full errors and additional helpful warnings.
    at ab (https://docs.getdbt.com/assets/js/main.8feb4399.js:4:540905)
    at l (https://docs.getdbt.com/assets/js/main.8feb4399.js:4:615516)
    at iM (https://docs.getdbt.com/assets/js/main.8feb4399.js:4:593467)
    at https://docs.getdbt.com/assets/js/main.8feb4399.js:4:588516
    at ix (https://docs.getdbt.com/assets/js/main.8feb4399.js:4:588523)
    at x (https://docs.getdbt.com/assets/js/main.8feb4399.js:11:40214)
    at MessagePort.L (https://docs.getdbt.com/assets/js/main.8feb4399.js:11:40744) {componentStack: 
    at div
    at Lightbox (https://docs.getdbt.c…s.getdbt.com/assets/js/main.8feb4399.js:4:631954), digest: null} @ https://docs.getdbt.com/assets/js/main.8feb4399.js:36
[    1441ms] [ERROR] Docusaurus React Root onRecoverableError: Error: Minified React error #418; visit https://reactjs.org/docs/error-decoder.html?invariant=418 for the full message or use the non-minified dev environment for full errors and additional helpful warnings.
    at ab (https://docs.getdbt.com/assets/js/main.8feb4399.js:4:540905)
    at l (https://docs.getdbt.com/assets/js/main.8feb4399.js:4:615693)
    at iM (https://docs.getdbt.com/assets/js/main.8feb4399.js:4:593467)
    at https://docs.getdbt.com/assets/js/main.8feb4399.js:4:588516
    at ix (https://docs.getdbt.com/assets/js/main.8feb4399.js:4:588523)
    at x (https://docs.getdbt.com/assets/js/main.8feb4399.js:11:40214)
    at MessagePort.L (https://docs.getdbt.com/assets/js/main.8feb4399.js:11:40744) {componentStack: 
    at u (https://docs.getdbt.com/assets/js/8c673…s.getdbt.com/assets/js/main.8feb4399.js:4:631954), digest: null} @ https://docs.getdbt.com/assets/js/main.8feb4399.js:36
[    1441ms] [ERROR] Docusaurus React Root onRecoverableError: Error: Minified React error #418; visit https://reactjs.org/docs/error-decoder.html?invariant=418 for the full message or use the non-minified dev environment for full errors and additional helpful warnings.
    at ab (https://docs.getdbt.com/assets/js/main.8feb4399.js:4:540905)
    at l (https://docs.getdbt.com/assets/js/main.8feb4399.js:4:615516)
    at iM (https://docs.getdbt.com/assets/js/main.8feb4399.js:4:593467)
    at https://docs.getdbt.com/assets/js/main.8feb4399.js:4:588516
    at ix (https://docs.getdbt.com/assets/js/main.8feb4399.js:4:588523)
    at x (https://docs.getdbt.com/assets/js/main.8feb4399.js:11:40214)
    at MessagePort.L (https://docs.getdbt.com/assets/js/main.8feb4399.js:11:40744) {componentStack: 
    at p
    at u (https://docs.getdbt.com/assets…s.getdbt.com/assets/js/main.8feb4399.js:4:631954), digest: null} @ https://docs.getdbt.com/assets/js/main.8feb4399.js:36
[    1441ms] [ERROR] Docusaurus React Root onRecoverableError: Error: Minified React error #418; visit https://reactjs.org/docs/error-decoder.html?invariant=418 for the full message or use the non-minified dev environment for full errors and additional helpful warnings.
    at ab (https://docs.getdbt.com/assets/js/main.8feb4399.js:4:540905)
    at l (https://docs.getdbt.com/assets/js/main.8feb4399.js:4:615693)
    at iM (https://docs.getdbt.com/assets/js/main.8feb4399.js:4:593467)
    at https://docs.getdbt.com/assets/js/main.8feb4399.js:4:588516
    at ix (https://docs.getdbt.com/assets/js/main.8feb4399.js:4:588523)
    at x (https://docs.getdbt.com/assets/js/main.8feb4399.js:11:40214)
    at MessagePort.L (https://docs.getdbt.com/assets/js/main.8feb4399.js:11:40744) {componentStack: 
    at u (https://docs.getdbt.com/assets/js/8c673…s.getdbt.com/assets/js/main.8feb4399.js:4:631954), digest: null} @ https://docs.getdbt.com/assets/js/main.8feb4399.js:36
[    1441ms] [ERROR] Docusaurus React Root onRecoverableError: Error: Minified React error #418; visit https://reactjs.org/docs/error-decoder.html?invariant=418 for the full message or use the non-minified dev environment for full errors and additional helpful warnings.
    at ab (https://docs.getdbt.com/assets/js/main.8feb4399.js:4:540905)
    at l (https://docs.getdbt.com/assets/js/main.8feb4399.js:4:615516)
    at iM (https://docs.getdbt.com/assets/js/main.8feb4399.js:4:593467)
    at https://docs.getdbt.com/assets/js/main.8feb4399.js:4:588516
    at ix (https://docs.getdbt.com/assets/js/main.8feb4399.js:4:588523)
    at x (https://docs.getdbt.com/assets/js/main.8feb4399.js:11:40214)
    at MessagePort.L (https://docs.getdbt.com/assets/js/main.8feb4399.js:11:40744) {componentStack: 
    at ul
    at a (https://docs.getdbt.com/asset…s.getdbt.com/assets/js/main.8feb4399.js:4:631954), digest: null} @ https://docs.getdbt.com/assets/js/main.8feb4399.js:36
[    1441ms] [ERROR] Docusaurus React Root onRecoverableError: Error: Minified React error #418; visit https://reactjs.org/docs/error-decoder.html?invariant=418 for the full message or use the non-minified dev environment for full errors and additional helpful warnings.
    at ab (https://docs.getdbt.com/assets/js/main.8feb4399.js:4:540905)
    at l (https://docs.getdbt.com/assets/js/main.8feb4399.js:4:615693)
    at iM (https://docs.getdbt.com/assets/js/main.8feb4399.js:4:593467)
    at https://docs.getdbt.com/assets/js/main.8feb4399.js:4:588516
    at ix (https://docs.getdbt.com/assets/js/main.8feb4399.js:4:588523)
    at x (https://docs.getdbt.com/assets/js/main.8feb4399.js:11:40214)
    at MessagePort.L (https://docs.getdbt.com/assets/js/main.8feb4399.js:11:40744) {componentStack: 
    at u (https://docs.getdbt.com/assets/js/8c673…s.getdbt.com/assets/js/main.8feb4399.js:4:631954), digest: null} @ https://docs.getdbt.com/assets/js/main.8feb4399.js:36
[    1441ms] [ERROR] Docusaurus React Root onRecoverableError: Error: Minified React error #418; visit https://reactjs.org/docs/error-decoder.html?invariant=418 for the full message or use the non-minified dev environment for full errors and additional helpful warnings.
    at ab (https://docs.getdbt.com/assets/js/main.8feb4399.js:4:540905)
    at l (https://docs.getdbt.com/assets/js/main.8feb4399.js:4:615516)
    at iM (https://docs.getdbt.com/assets/js/main.8feb4399.js:4:593467)
    at https://docs.getdbt.com/assets/js/main.8feb4399.js:4:588516
    at ix (https://docs.getdbt.com/assets/js/main.8feb4399.js:4:588523)
    at x (https://docs.getdbt.com/assets/js/main.8feb4399.js:11:40214)
    at MessagePort.L (https://docs.getdbt.com/assets/js/main.8feb4399.js:11:40744) {componentStack: 
    at link
    at Lightbox (https://docs.getdbt.…s.getdbt.com/assets/js/main.8feb4399.js:4:631954), digest: null} @ https://docs.getdbt.com/assets/js/main.8feb4399.js:36
[    1441ms] [ERROR] Docusaurus React Root onRecoverableError: Error: Minified React error #418; visit https://reactjs.org/docs/error-decoder.html?invariant=418 for the full message or use the non-minified dev environment for full errors and additional helpful warnings.
    at ab (https://docs.getdbt.com/assets/js/main.8feb4399.js:4:540905)
    at l (https://docs.getdbt.com/assets/js/main.8feb4399.js:4:615516)
    at iM (https://docs.getdbt.com/assets/js/main.8feb4399.js:4:593467)
    at https://docs.getdbt.com/assets/js/main.8feb4399.js:4:588516
    at ix (https://docs.getdbt.com/assets/js/main.8feb4399.js:4:588523)
    at x (https://docs.getdbt.com/assets/js/main.8feb4399.js:11:40214)
    at MessagePort.L (https://docs.getdbt.com/assets/js/main.8feb4399.js:11:40744) {componentStack: 
    at div
    at Lightbox (https://docs.getdbt.c…s.getdbt.com/assets/js/main.8feb4399.js:4:631954), digest: null} @ https://docs.getdbt.com/assets/js/main.8feb4399.js:36
[    1442ms] [ERROR] Docusaurus React Root onRecoverableError: Error: Minified React error #418; visit https://reactjs.org/docs/error-decoder.html?invariant=418 for the full message or use the non-minified dev environment for full errors and additional helpful warnings.
    at ab (https://docs.getdbt.com/assets/js/main.8feb4399.js:4:540905)
    at l (https://docs.getdbt.com/assets/js/main.8feb4399.js:4:615693)
    at iM (https://docs.getdbt.com/assets/js/main.8feb4399.js:4:593467)
    at https://docs.getdbt.com/assets/js/main.8feb4399.js:4:588516
    at ix (https://docs.getdbt.com/assets/js/main.8feb4399.js:4:588523)
    at x (https://docs.getdbt.com/assets/js/main.8feb4399.js:11:40214)
    at MessagePort.L (https://docs.getdbt.com/assets/js/main.8feb4399.js:11:40744) {componentStack: 
    at u (https://docs.getdbt.com/assets/js/8c673…s.getdbt.com/assets/js/main.8feb4399.js:4:631954), digest: null} @ https://docs.getdbt.com/assets/js/main.8feb4399.js:36
[    1442ms] [ERROR] Docusaurus React Root onRecoverableError: Error: Minified React error #418; visit https://reactjs.org/docs/error-decoder.html?invariant=418 for the full message or use the non-minified dev environment for full errors and additional helpful warnings.
    at ab (https://docs.getdbt.com/assets/js/main.8feb4399.js:4:540905)
    at l (https://docs.getdbt.com/assets/js/main.8feb4399.js:4:615516)
    at iM (https://docs.getdbt.com/assets/js/main.8feb4399.js:4:593467)
    at https://docs.getdbt.com/assets/js/main.8feb4399.js:4:588516
    at ix (https://docs.getdbt.com/assets/js/main.8feb4399.js:4:588523)
    at x (https://docs.getdbt.com/assets/js/main.8feb4399.js:11:40214)
    at MessagePort.L (https://docs.getdbt.com/assets/js/main.8feb4399.js:11:40744) {componentStack: 
    at h2
    at d (https://docs.getdbt.com/asset…s.getdbt.com/assets/js/main.8feb4399.js:4:631954), digest: null} @ https://docs.getdbt.com/assets/js/main.8feb4399.js:36
[    1442ms] [ERROR] Docusaurus React Root onRecoverableError: Error: Minified React error #418; visit https://reactjs.org/docs/error-decoder.html?invariant=418 for the full message or use the non-minified dev environment for full errors and additional helpful warnings.
    at ab (https://docs.getdbt.com/assets/js/main.8feb4399.js:4:540905)
    at l (https://docs.getdbt.com/assets/js/main.8feb4399.js:4:615693)
    at iM (https://docs.getdbt.com/assets/js/main.8feb4399.js:4:593467)
    at https://docs.getdbt.com/assets/js/main.8feb4399.js:4:588516
    at ix (https://docs.getdbt.com/assets/js/main.8feb4399.js:4:588523)
    at x (https://docs.getdbt.com/assets/js/main.8feb4399.js:11:40214)
    at MessagePort.L (https://docs.getdbt.com/assets/js/main.8feb4399.js:11:40744) {componentStack: 
    at u (https://docs.getdbt.com/assets/js/8c673…s.getdbt.com/assets/js/main.8feb4399.js:4:631954), digest: null} @ https://docs.getdbt.com/assets/js/main.8feb4399.js:36
[    1442ms] [ERROR] Docusaurus React Root onRecoverableError: Error: Minified React error #418; visit https://reactjs.org/docs/error-decoder.html?invariant=418 for the full message or use the non-minified dev environment for full errors and additional helpful warnings.
    at ab (https://docs.getdbt.com/assets/js/main.8feb4399.js:4:540905)
    at l (https://docs.getdbt.com/assets/js/main.8feb4399.js:4:615516)
    at iM (https://docs.getdbt.com/assets/js/main.8feb4399.js:4:593467)
    at https://docs.getdbt.com/assets/js/main.8feb4399.js:4:588516
    at ix (https://docs.getdbt.com/assets/js/main.8feb4399.js:4:588523)
    at x (https://docs.getdbt.com/assets/js/main.8feb4399.js:11:40214)
    at MessagePort.L (https://docs.getdbt.com/assets/js/main.8feb4399.js:11:40744) {componentStack: 
    at p
    at u (https://docs.getdbt.com/assets…s.getdbt.com/assets/js/main.8feb4399.js:4:631954), digest: null} @ https://docs.getdbt.com/assets/js/main.8feb4399.js:36
[    1442ms] [ERROR] Docusaurus React Root onRecoverableError: Error: Minified React error #418; visit https://reactjs.org/docs/error-decoder.html?invariant=418 for the full message or use the non-minified dev environment for full errors and additional helpful warnings.
    at ab (https://docs.getdbt.com/assets/js/main.8feb4399.js:4:540905)
    at l (https://docs.getdbt.com/assets/js/main.8feb4399.js:4:615693)
    at iM (https://docs.getdbt.com/assets/js/main.8feb4399.js:4:593467)
    at https://docs.getdbt.com/assets/js/main.8feb4399.js:4:588516
    at ix (https://docs.getdbt.com/assets/js/main.8feb4399.js:4:588523)
    at x (https://docs.getdbt.com/assets/js/main.8feb4399.js:11:40214)
    at MessagePort.L (https://docs.getdbt.com/assets/js/main.8feb4399.js:11:40744) {componentStack: 
    at u (https://docs.getdbt.com/assets/js/8c673…s.getdbt.com/assets/js/main.8feb4399.js:4:631954), digest: null} @ https://docs.getdbt.com/assets/js/main.8feb4399.js:36
[    1442ms] [ERROR] Docusaurus React Root onRecoverableError: Error: Minified React error #418; visit https://reactjs.org/docs/error-decoder.html?invariant=418 for the full message or use the non-minified dev environment for full errors and additional helpful warnings.
    at ab (https://docs.getdbt.com/assets/js/main.8feb4399.js:4:540905)
    at l (https://docs.getdbt.com/assets/js/main.8feb4399.js:4:615516)
    at iM (https://docs.getdbt.com/assets/js/main.8feb4399.js:4:593467)
    at https://docs.getdbt.com/assets/js/main.8feb4399.js:4:588516
    at ix (https://docs.getdbt.com/assets/js/main.8feb4399.js:4:588523)
    at x (https://docs.getdbt.com/assets/js/main.8feb4399.js:11:40214)
    at MessagePort.L (https://docs.getdbt.com/assets/js/main.8feb4399.js:11:40744) {componentStack: 
    at p
    at u (https://docs.getdbt.com/assets…s.getdbt.com/assets/js/main.8feb4399.js:4:631954), digest: null} @ https://docs.getdbt.com/assets/js/main.8feb4399.js:36
[    1442ms] [ERROR] Docusaurus React Root onRecoverableError: Error: Minified React error #418; visit https://reactjs.org/docs/error-decoder.html?invariant=418 for the full message or use the non-minified dev environment for full errors and additional helpful warnings.
    at ab (https://docs.getdbt.com/assets/js/main.8feb4399.js:4:540905)
    at l (https://docs.getdbt.com/assets/js/main.8feb4399.js:4:615693)
    at iM (https://docs.getdbt.com/assets/js/main.8feb4399.js:4:593467)
    at https://docs.getdbt.com/assets/js/main.8feb4399.js:4:588516
    at ix (https://docs.getdbt.com/assets/js/main.8feb4399.js:4:588523)
    at x (https://docs.getdbt.com/assets/js/main.8feb4399.js:11:40214)
    at MessagePort.L (https://docs.getdbt.com/assets/js/main.8feb4399.js:11:40744) {componentStack: 
    at u (https://docs.getdbt.com/assets/js/8c673…s.getdbt.com/assets/js/main.8feb4399.js:4:631954), digest: null} @ https://docs.getdbt.com/assets/js/main.8feb4399.js:36
[    1442ms] [ERROR] Docusaurus React Root onRecoverableError: Error: Minified React error #418; visit https://reactjs.org/docs/error-decoder.html?invariant=418 for the full message or use the non-minified dev environment for full errors and additional helpful warnings.
    at ab (https://docs.getdbt.com/assets/js/main.8feb4399.js:4:540905)
    at l (https://docs.getdbt.com/assets/js/main.8feb4399.js:4:615516)
    at iM (https://docs.getdbt.com/assets/js/main.8feb4399.js:4:593467)
    at https://docs.getdbt.com/assets/js/main.8feb4399.js:4:588516
    at ix (https://docs.getdbt.com/assets/js/main.8feb4399.js:4:588523)
    at x (https://docs.getdbt.com/assets/js/main.8feb4399.js:11:40214)
    at MessagePort.L (https://docs.getdbt.com/assets/js/main.8feb4399.js:11:40744) {componentStack: 
    at details
    at Expandable (https://docs.ge…s.getdbt.com/assets/js/main.8feb4399.js:4:631954), digest: null} @ https://docs.getdbt.com/assets/js/main.8feb4399.js:36
[    1442ms] [ERROR] Docusaurus React Root onRecoverableError: Error: Minified React error #418; visit https://reactjs.org/docs/error-decoder.html?invariant=418 for the full message or use the non-minified dev environment for full errors and additional helpful warnings.
    at ab (https://docs.getdbt.com/assets/js/main.8feb4399.js:4:540905)
    at l (https://docs.getdbt.com/assets/js/main.8feb4399.js:4:615693)
    at iM (https://docs.getdbt.com/assets/js/main.8feb4399.js:4:593467)
    at https://docs.getdbt.com/assets/js/main.8feb4399.js:4:588516
    at ix (https://docs.getdbt.com/assets/js/main.8feb4399.js:4:588523)
    at x (https://docs.getdbt.com/assets/js/main.8feb4399.js:11:40214)
    at MessagePort.L (https://docs.getdbt.com/assets/js/main.8feb4399.js:11:40744) {componentStack: 
    at u (https://docs.getdbt.com/assets/js/8c673…s.getdbt.com/assets/js/main.8feb4399.js:4:631954), digest: null} @ https://docs.getdbt.com/assets/js/main.8feb4399.js:36
[    1442ms] [ERROR] Docusaurus React Root onRecoverableError: Error: Minified React error #418; visit https://reactjs.org/docs/error-decoder.html?invariant=418 for the full message or use the non-minified dev environment for full errors and additional helpful warnings.
    at ab (https://docs.getdbt.com/assets/js/main.8feb4399.js:4:540905)
    at l (https://docs.getdbt.com/assets/js/main.8feb4399.js:4:615516)
    at iM (https://docs.getdbt.com/assets/js/main.8feb4399.js:4:593467)
    at https://docs.getdbt.com/assets/js/main.8feb4399.js:4:588516
    at ix (https://docs.getdbt.com/assets/js/main.8feb4399.js:4:588523)
    at x (https://docs.getdbt.com/assets/js/main.8feb4399.js:11:40214)
    at MessagePort.L (https://docs.getdbt.com/assets/js/main.8feb4399.js:11:40744) {componentStack: 
    at details
    at Expandable (https://docs.ge…s.getdbt.com/assets/js/main.8feb4399.js:4:631954), digest: null} @ https://docs.getdbt.com/assets/js/main.8feb4399.js:36
[    1442ms] [ERROR] Docusaurus React Root onRecoverableError: Error: Minified React error #418; visit https://reactjs.org/docs/error-decoder.html?invariant=418 for the full message or use the non-minified dev environment for full errors and additional helpful warnings.
    at ab (https://docs.getdbt.com/assets/js/main.8feb4399.js:4:540905)
    at l (https://docs.getdbt.com/assets/js/main.8feb4399.js:4:615693)
    at iM (https://docs.getdbt.com/assets/js/main.8feb4399.js:4:593467)
    at https://docs.getdbt.com/assets/js/main.8feb4399.js:4:588516
    at ix (https://docs.getdbt.com/assets/js/main.8feb4399.js:4:588523)
    at x (https://docs.getdbt.com/assets/js/main.8feb4399.js:11:40214)
    at MessagePort.L (https://docs.getdbt.com/assets/js/main.8feb4399.js:11:40744) {componentStack: 
    at u (https://docs.getdbt.com/assets/js/8c673…s.getdbt.com/assets/js/main.8feb4399.js:4:631954), digest: null} @ https://docs.getdbt.com/assets/js/main.8feb4399.js:36
[    1442ms] [ERROR] Docusaurus React Root onRecoverableError: Error: Minified React error #418; visit https://reactjs.org/docs/error-decoder.html?invariant=418 for the full message or use the non-minified dev environment for full errors and additional helpful warnings.
    at ab (https://docs.getdbt.com/assets/js/main.8feb4399.js:4:540905)
    at l (https://docs.getdbt.com/assets/js/main.8feb4399.js:4:615516)
    at iM (https://docs.getdbt.com/assets/js/main.8feb4399.js:4:593467)
    at https://docs.getdbt.com/assets/js/main.8feb4399.js:4:588516
    at ix (https://docs.getdbt.com/assets/js/main.8feb4399.js:4:588523)
    at x (https://docs.getdbt.com/assets/js/main.8feb4399.js:11:40214)
    at MessagePort.L (https://docs.getdbt.com/assets/js/main.8feb4399.js:11:40744) {componentStack: 
    at details
    at Expandable (https://docs.ge…s.getdbt.com/assets/js/main.8feb4399.js:4:631954), digest: null} @ https://docs.getdbt.com/assets/js/main.8feb4399.js:36
[    1442ms] [ERROR] Docusaurus React Root onRecoverableError: Error: Minified React error #418; visit https://reactjs.org/docs/error-decoder.html?invariant=418 for the full message or use the non-minified dev environment for full errors and additional helpful warnings.
    at ab (https://docs.getdbt.com/assets/js/main.8feb4399.js:4:540905)
    at l (https://docs.getdbt.com/assets/js/main.8feb4399.js:4:615693)
    at iM (https://docs.getdbt.com/assets/js/main.8feb4399.js:4:593467)
    at https://docs.getdbt.com/assets/js/main.8feb4399.js:4:588516
    at ix (https://docs.getdbt.com/assets/js/main.8feb4399.js:4:588523)
    at x (https://docs.getdbt.com/assets/js/main.8feb4399.js:11:40214)
    at MessagePort.L (https://docs.getdbt.com/assets/js/main.8feb4399.js:11:40744) {componentStack: 
    at u (https://docs.getdbt.com/assets/js/8c673…s.getdbt.com/assets/js/main.8feb4399.js:4:631954), digest: null} @ https://docs.getdbt.com/assets/js/main.8feb4399.js:36
[    1442ms] [ERROR] Docusaurus React Root onRecoverableError: Error: Minified React error #418; visit https://reactjs.org/docs/error-decoder.html?invariant=418 for the full message or use the non-minified dev environment for full errors and additional helpful warnings.
    at ab (https://docs.getdbt.com/assets/js/main.8feb4399.js:4:540905)
    at l (https://docs.getdbt.com/assets/js/main.8feb4399.js:4:615516)
    at iM (https://docs.getdbt.com/assets/js/main.8feb4399.js:4:593467)
    at https://docs.getdbt.com/assets/js/main.8feb4399.js:4:588516
    at ix (https://docs.getdbt.com/assets/js/main.8feb4399.js:4:588523)
    at x (https://docs.getdbt.com/assets/js/main.8feb4399.js:11:40214)
    at MessagePort.L (https://docs.getdbt.com/assets/js/main.8feb4399.js:11:40744) {componentStack: 
    at h3
    at d (https://docs.getdbt.com/asset…s.getdbt.com/assets/js/main.8feb4399.js:4:631954), digest: null} @ https://docs.getdbt.com/assets/js/main.8feb4399.js:36
[    1442ms] [ERROR] Docusaurus React Root onRecoverableError: Error: Minified React error #418; visit https://reactjs.org/docs/error-decoder.html?invariant=418 for the full message or use the non-minified dev environment for full errors and additional helpful warnings.
    at ab (https://docs.getdbt.com/assets/js/main.8feb4399.js:4:540905)
    at l (https://docs.getdbt.com/assets/js/main.8feb4399.js:4:615693)
    at iM (https://docs.getdbt.com/assets/js/main.8feb4399.js:4:593467)
    at https://docs.getdbt.com/assets/js/main.8feb4399.js:4:588516
    at ix (https://docs.getdbt.com/assets/js/main.8feb4399.js:4:588523)
    at x (https://docs.getdbt.com/assets/js/main.8feb4399.js:11:40214)
    at MessagePort.L (https://docs.getdbt.com/assets/js/main.8feb4399.js:11:40744) {componentStack: 
    at u (https://docs.getdbt.com/assets/js/8c673…s.getdbt.com/assets/js/main.8feb4399.js:4:631954), digest: null} @ https://docs.getdbt.com/assets/js/main.8feb4399.js:36
[    1442ms] [ERROR] Docusaurus React Root onRecoverableError: Error: Minified React error #418; visit https://reactjs.org/docs/error-decoder.html?invariant=418 for the full message or use the non-minified dev environment for full errors and additional helpful warnings.
    at ab (https://docs.getdbt.com/assets/js/main.8feb4399.js:4:540905)
    at l (https://docs.getdbt.com/assets/js/main.8feb4399.js:4:615516)
    at iM (https://docs.getdbt.com/assets/js/main.8feb4399.js:4:593467)
    at https://docs.getdbt.com/assets/js/main.8feb4399.js:4:588516
    at ix (https://docs.getdbt.com/assets/js/main.8feb4399.js:4:588523)
    at x (https://docs.getdbt.com/assets/js/main.8feb4399.js:11:40214)
    at MessagePort.L (https://docs.getdbt.com/assets/js/main.8feb4399.js:11:40744) {componentStack: 
    at p
    at u (https://docs.getdbt.com/assets…s.getdbt.com/assets/js/main.8feb4399.js:4:631954), digest: null} @ https://docs.getdbt.com/assets/js/main.8feb4399.js:36
[    1443ms] [ERROR] Docusaurus React Root onRecoverableError: Error: Minified React error #418; visit https://reactjs.org/docs/error-decoder.html?invariant=418 for the full message or use the non-minified dev environment for full errors and additional helpful warnings.
    at ab (https://docs.getdbt.com/assets/js/main.8feb4399.js:4:540905)
    at l (https://docs.getdbt.com/assets/js/main.8feb4399.js:4:615693)
    at iM (https://docs.getdbt.com/assets/js/main.8feb4399.js:4:593467)
    at https://docs.getdbt.com/assets/js/main.8feb4399.js:4:588516
    at ix (https://docs.getdbt.com/assets/js/main.8feb4399.js:4:588523)
    at x (https://docs.getdbt.com/assets/js/main.8feb4399.js:11:40214)
    at MessagePort.L (https://docs.getdbt.com/assets/js/main.8feb4399.js:11:40744) {componentStack: 
    at u (https://docs.getdbt.com/assets/js/8c673…s.getdbt.com/assets/js/main.8feb4399.js:4:631954), digest: null} @ https://docs.getdbt.com/assets/js/main.8feb4399.js:36
[    1443ms] [ERROR] Docusaurus React Root onRecoverableError: Error: Minified React error #418; visit https://reactjs.org/docs/error-decoder.html?invariant=418 for the full message or use the non-minified dev environment for full errors and additional helpful warnings.
    at ab (https://docs.getdbt.com/assets/js/main.8feb4399.js:4:540905)
    at l (https://docs.getdbt.com/assets/js/main.8feb4399.js:4:615516)
    at iM (https://docs.getdbt.com/assets/js/main.8feb4399.js:4:593467)
    at https://docs.getdbt.com/assets/js/main.8feb4399.js:4:588516
    at ix (https://docs.getdbt.com/assets/js/main.8feb4399.js:4:588523)
    at x (https://docs.getdbt.com/assets/js/main.8feb4399.js:11:40214)
    at MessagePort.L (https://docs.getdbt.com/assets/js/main.8feb4399.js:11:40744) {componentStack: 
    at h2
    at d (https://docs.getdbt.com/asset…s.getdbt.com/assets/js/main.8feb4399.js:4:631954), digest: null} @ https://docs.getdbt.com/assets/js/main.8feb4399.js:36
[    1443ms] [ERROR] Docusaurus React Root onRecoverableError: Error: Minified React error #418; visit https://reactjs.org/docs/error-decoder.html?invariant=418 for the full message or use the non-minified dev environment for full errors and additional helpful warnings.
    at ab (https://docs.getdbt.com/assets/js/main.8feb4399.js:4:540905)
    at l (https://docs.getdbt.com/assets/js/main.8feb4399.js:4:615693)
    at iM (https://docs.getdbt.com/assets/js/main.8feb4399.js:4:593467)
    at https://docs.getdbt.com/assets/js/main.8feb4399.js:4:588516
    at ix (https://docs.getdbt.com/assets/js/main.8feb4399.js:4:588523)
    at x (https://docs.getdbt.com/assets/js/main.8feb4399.js:11:40214)
    at MessagePort.L (https://docs.getdbt.com/assets/js/main.8feb4399.js:11:40744) {componentStack: 
    at u (https://docs.getdbt.com/assets/js/8c673…s.getdbt.com/assets/js/main.8feb4399.js:4:631954), digest: null} @ https://docs.getdbt.com/assets/js/main.8feb4399.js:36
[    1443ms] [ERROR] Docusaurus React Root onRecoverableError: Error: Minified React error #418; visit https://reactjs.org/docs/error-decoder.html?invariant=418 for the full message or use the non-minified dev environment for full errors and additional helpful warnings.
    at ab (https://docs.getdbt.com/assets/js/main.8feb4399.js:4:540905)
    at l (https://docs.getdbt.com/assets/js/main.8feb4399.js:4:615516)
    at iM (https://docs.getdbt.com/assets/js/main.8feb4399.js:4:593467)
    at https://docs.getdbt.com/assets/js/main.8feb4399.js:4:588516
    at ix (https://docs.getdbt.com/assets/js/main.8feb4399.js:4:588523)
    at x (https://docs.getdbt.com/assets/js/main.8feb4399.js:11:40214)
    at MessagePort.L (https://docs.getdbt.com/assets/js/main.8feb4399.js:11:40744) {componentStack: 
    at p
    at u (https://docs.getdbt.com/assets…s.getdbt.com/assets/js/main.8feb4399.js:4:631954), digest: null} @ https://docs.getdbt.com/assets/js/main.8feb4399.js:36
[    1443ms] [ERROR] Docusaurus React Root onRecoverableError: Error: Minified React error #418; visit https://reactjs.org/docs/error-decoder.html?invariant=418 for the full message or use the non-minified dev environment for full errors and additional helpful warnings.
    at ab (https://docs.getdbt.com/assets/js/main.8feb4399.js:4:540905)
    at l (https://docs.getdbt.com/assets/js/main.8feb4399.js:4:615693)
    at iM (https://docs.getdbt.com/assets/js/main.8feb4399.js:4:593467)
    at https://docs.getdbt.com/assets/js/main.8feb4399.js:4:588516
    at ix (https://docs.getdbt.com/assets/js/main.8feb4399.js:4:588523)
    at x (https://docs.getdbt.com/assets/js/main.8feb4399.js:11:40214)
    at MessagePort.L (https://docs.getdbt.com/assets/js/main.8feb4399.js:11:40744) {componentStack: 
    at u (https://docs.getdbt.com/assets/js/8c673…s.getdbt.com/assets/js/main.8feb4399.js:4:631954), digest: null} @ https://docs.getdbt.com/assets/js/main.8feb4399.js:36
[    1443ms] [ERROR] Docusaurus React Root onRecoverableError: Error: Minified React error #418; visit https://reactjs.org/docs/error-decoder.html?invariant=418 for the full message or use the non-minified dev environment for full errors and additional helpful warnings.
    at ab (https://docs.getdbt.com/assets/js/main.8feb4399.js:4:540905)
    at l (https://docs.getdbt.com/assets/js/main.8feb4399.js:4:615516)
    at iM (https://docs.getdbt.com/assets/js/main.8feb4399.js:4:593467)
    at https://docs.getdbt.com/assets/js/main.8feb4399.js:4:588516
    at ix (https://docs.getdbt.com/assets/js/main.8feb4399.js:4:588523)
    at x (https://docs.getdbt.com/assets/js/main.8feb4399.js:11:40214)
    at MessagePort.L (https://docs.getdbt.com/assets/js/main.8feb4399.js:11:40744) {componentStack: 
    at ul
    at a (https://docs.getdbt.com/asset…s.getdbt.com/assets/js/main.8feb4399.js:4:631954), digest: null} @ https://docs.getdbt.com/assets/js/main.8feb4399.js:36
[    1443ms] [ERROR] Docusaurus React Root onRecoverableError: Error: Minified React error #418; visit https://reactjs.org/docs/error-decoder.html?invariant=418 for the full message or use the non-minified dev environment for full errors and additional helpful warnings.
    at ab (https://docs.getdbt.com/assets/js/main.8feb4399.js:4:540905)
    at l (https://docs.getdbt.com/assets/js/main.8feb4399.js:4:615693)
    at iM (https://docs.getdbt.com/assets/js/main.8feb4399.js:4:593467)
    at https://docs.getdbt.com/assets/js/main.8feb4399.js:4:588516
    at ix (https://docs.getdbt.com/assets/js/main.8feb4399.js:4:588523)
    at x (https://docs.getdbt.com/assets/js/main.8feb4399.js:11:40214)
    at MessagePort.L (https://docs.getdbt.com/assets/js/main.8feb4399.js:11:40744) {componentStack: 
    at u (https://docs.getdbt.com/assets/js/8c673…s.getdbt.com/assets/js/main.8feb4399.js:4:631954), digest: null} @ https://docs.getdbt.com/assets/js/main.8feb4399.js:36
[    1443ms] [ERROR] Docusaurus React Root onRecoverableError: Error: Minified React error #418; visit https://reactjs.org/docs/error-decoder.html?invariant=418 for the full message or use the non-minified dev environment for full errors and additional helpful warnings.
    at ab (https://docs.getdbt.com/assets/js/main.8feb4399.js:4:540905)
    at l (https://docs.getdbt.com/assets/js/main.8feb4399.js:4:615516)
    at iM (https://docs.getdbt.com/assets/js/main.8feb4399.js:4:593467)
    at https://docs.getdbt.com/assets/js/main.8feb4399.js:4:588516
    at ix (https://docs.getdbt.com/assets/js/main.8feb4399.js:4:588523)
    at x (https://docs.getdbt.com/assets/js/main.8feb4399.js:11:40214)
    at MessagePort.L (https://docs.getdbt.com/assets/js/main.8feb4399.js:11:40744) {componentStack: 
    at h2
    at d (https://docs.getdbt.com/asset…s.getdbt.com/assets/js/main.8feb4399.js:4:631954), digest: null} @ https://docs.getdbt.com/assets/js/main.8feb4399.js:36
[    1443ms] [ERROR] Docusaurus React Root onRecoverableError: Error: Minified React error #418; visit https://reactjs.org/docs/error-decoder.html?invariant=418 for the full message or use the non-minified dev environment for full errors and additional helpful warnings.
    at ab (https://docs.getdbt.com/assets/js/main.8feb4399.js:4:540905)
    at l (https://docs.getdbt.com/assets/js/main.8feb4399.js:4:615693)
    at iM (https://docs.getdbt.com/assets/js/main.8feb4399.js:4:593467)
    at https://docs.getdbt.com/assets/js/main.8feb4399.js:4:588516
    at ix (https://docs.getdbt.com/assets/js/main.8feb4399.js:4:588523)
    at x (https://docs.getdbt.com/assets/js/main.8feb4399.js:11:40214)
    at MessagePort.L (https://docs.getdbt.com/assets/js/main.8feb4399.js:11:40744) {componentStack: 
    at u (https://docs.getdbt.com/assets/js/8c673…s.getdbt.com/assets/js/main.8feb4399.js:4:631954), digest: null} @ https://docs.getdbt.com/assets/js/main.8feb4399.js:36
[    1443ms] [ERROR] Docusaurus React Root onRecoverableError: Error: Minified React error #418; visit https://reactjs.org/docs/error-decoder.html?invariant=418 for the full message or use the non-minified dev environment for full errors and additional helpful warnings.
    at ab (https://docs.getdbt.com/assets/js/main.8feb4399.js:4:540905)
    at l (https://docs.getdbt.com/assets/js/main.8feb4399.js:4:615516)
    at iM (https://docs.getdbt.com/assets/js/main.8feb4399.js:4:593467)
    at https://docs.getdbt.com/assets/js/main.8feb4399.js:4:588516
    at ix (https://docs.getdbt.com/assets/js/main.8feb4399.js:4:588523)
    at x (https://docs.getdbt.com/assets/js/main.8feb4399.js:11:40214)
    at MessagePort.L (https://docs.getdbt.com/assets/js/main.8feb4399.js:11:40744) {componentStack: 
    at p
    at u (https://docs.getdbt.com/assets…s.getdbt.com/assets/js/main.8feb4399.js:4:631954), digest: null} @ https://docs.getdbt.com/assets/js/main.8feb4399.js:36
[    1443ms] [ERROR] Docusaurus React Root onRecoverableError: Error: Minified React error #418; visit https://reactjs.org/docs/error-decoder.html?invariant=418 for the full message or use the non-minified dev environment for full errors and additional helpful warnings.
    at ab (https://docs.getdbt.com/assets/js/main.8feb4399.js:4:540905)
    at l (https://docs.getdbt.com/assets/js/main.8feb4399.js:4:615693)
    at iM (https://docs.getdbt.com/assets/js/main.8feb4399.js:4:593467)
    at https://docs.getdbt.com/assets/js/main.8feb4399.js:4:588516
    at ix (https://docs.getdbt.com/assets/js/main.8feb4399.js:4:588523)
    at x (https://docs.getdbt.com/assets/js/main.8feb4399.js:11:40214)
    at MessagePort.L (https://docs.getdbt.com/assets/js/main.8feb4399.js:11:40744) {componentStack: 
    at u (https://docs.getdbt.com/assets/js/8c673…s.getdbt.com/assets/js/main.8feb4399.js:4:631954), digest: null} @ https://docs.getdbt.com/assets/js/main.8feb4399.js:36
[    1443ms] [ERROR] Docusaurus React Root onRecoverableError: Error: Minified React error #418; visit https://reactjs.org/docs/error-decoder.html?invariant=418 for the full message or use the non-minified dev environment for full errors and additional helpful warnings.
    at ab (https://docs.getdbt.com/assets/js/main.8feb4399.js:4:540905)
    at l (https://docs.getdbt.com/assets/js/main.8feb4399.js:4:615516)
    at iM (https://docs.getdbt.com/assets/js/main.8feb4399.js:4:593467)
    at https://docs.getdbt.com/assets/js/main.8feb4399.js:4:588516
    at ix (https://docs.getdbt.com/assets/js/main.8feb4399.js:4:588523)
    at x (https://docs.getdbt.com/assets/js/main.8feb4399.js:11:40214)
    at MessagePort.L (https://docs.getdbt.com/assets/js/main.8feb4399.js:11:40744) {componentStack: 
    at p
    at u (https://docs.getdbt.com/assets…s.getdbt.com/assets/js/main.8feb4399.js:4:631954), digest: null} @ https://docs.getdbt.com/assets/js/main.8feb4399.js:36
[    1443ms] [ERROR] Docusaurus React Root onRecoverableError: Error: Minified React error #418; visit https://reactjs.org/docs/error-decoder.html?invariant=418 for the full message or use the non-minified dev environment for full errors and additional helpful warnings.
    at ab (https://docs.getdbt.com/assets/js/main.8feb4399.js:4:540905)
    at l (https://docs.getdbt.com/assets/js/main.8feb4399.js:4:615693)
    at iM (https://docs.getdbt.com/assets/js/main.8feb4399.js:4:593467)
    at https://docs.getdbt.com/assets/js/main.8feb4399.js:4:588516
    at ix (https://docs.getdbt.com/assets/js/main.8feb4399.js:4:588523)
    at x (https://docs.getdbt.com/assets/js/main.8feb4399.js:11:40214)
    at MessagePort.L (https://docs.getdbt.com/assets/js/main.8feb4399.js:11:40744) {componentStack: 
    at u (https://docs.getdbt.com/assets/js/8c673…s.getdbt.com/assets/js/main.8feb4399.js:4:631954), digest: null} @ https://docs.getdbt.com/assets/js/main.8feb4399.js:36
[    1443ms] [ERROR] Docusaurus React Root onRecoverableError: Error: Minified React error #418; visit https://reactjs.org/docs/error-decoder.html?invariant=418 for the full message or use the non-minified dev environment for full errors and additional helpful warnings.
    at ab (https://docs.getdbt.com/assets/js/main.8feb4399.js:4:540905)
    at l (https://docs.getdbt.com/assets/js/main.8feb4399.js:4:615516)
    at iM (https://docs.getdbt.com/assets/js/main.8feb4399.js:4:593467)
    at https://docs.getdbt.com/assets/js/main.8feb4399.js:4:588516
    at ix (https://docs.getdbt.com/assets/js/main.8feb4399.js:4:588523)
    at x (https://docs.getdbt.com/assets/js/main.8feb4399.js:11:40214)
    at MessagePort.L (https://docs.getdbt.com/assets/js/main.8feb4399.js:11:40744) {componentStack: 
    at h2
    at d (https://docs.getdbt.com/asset…s.getdbt.com/assets/js/main.8feb4399.js:4:631954), digest: null} @ https://docs.getdbt.com/assets/js/main.8feb4399.js:36
[    1443ms] [ERROR] Docusaurus React Root onRecoverableError: Error: Minified React error #418; visit https://reactjs.org/docs/error-decoder.html?invariant=418 for the full message or use the non-minified dev environment for full errors and additional helpful warnings.
    at ab (https://docs.getdbt.com/assets/js/main.8feb4399.js:4:540905)
    at l (https://docs.getdbt.com/assets/js/main.8feb4399.js:4:615693)
    at iM (https://docs.getdbt.com/assets/js/main.8feb4399.js:4:593467)
    at https://docs.getdbt.com/assets/js/main.8feb4399.js:4:588516
    at ix (https://docs.getdbt.com/assets/js/main.8feb4399.js:4:588523)
    at x (https://docs.getdbt.com/assets/js/main.8feb4399.js:11:40214)
    at MessagePort.L (https://docs.getdbt.com/assets/js/main.8feb4399.js:11:40744) {componentStack: 
    at u (https://docs.getdbt.com/assets/js/8c673…s.getdbt.com/assets/js/main.8feb4399.js:4:631954), digest: null} @ https://docs.getdbt.com/assets/js/main.8feb4399.js:36
[    1444ms] [ERROR] Docusaurus React Root onRecoverableError: Error: Minified React error #418; visit https://reactjs.org/docs/error-decoder.html?invariant=418 for the full message or use the non-minified dev environment for full errors and additional helpful warnings.
    at ab (https://docs.getdbt.com/assets/js/main.8feb4399.js:4:540905)
    at l (https://docs.getdbt.com/assets/js/main.8feb4399.js:4:615516)
    at iM (https://docs.getdbt.com/assets/js/main.8feb4399.js:4:593467)
    at https://docs.getdbt.com/assets/js/main.8feb4399.js:4:588516
    at ix (https://docs.getdbt.com/assets/js/main.8feb4399.js:4:588523)
    at x (https://docs.getdbt.com/assets/js/main.8feb4399.js:11:40214)
    at MessagePort.L (https://docs.getdbt.com/assets/js/main.8feb4399.js:11:40744) {componentStack: 
    at p
    at u (https://docs.getdbt.com/assets…s.getdbt.com/assets/js/main.8feb4399.js:4:631954), digest: null} @ https://docs.getdbt.com/assets/js/main.8feb4399.js:36
[    1444ms] [ERROR] Docusaurus React Root onRecoverableError: Error: Minified React error #418; visit https://reactjs.org/docs/error-decoder.html?invariant=418 for the full message or use the non-minified dev environment for full errors and additional helpful warnings.
    at ab (https://docs.getdbt.com/assets/js/main.8feb4399.js:4:540905)
    at l (https://docs.getdbt.com/assets/js/main.8feb4399.js:4:615693)
    at iM (https://docs.getdbt.com/assets/js/main.8feb4399.js:4:593467)
    at https://docs.getdbt.com/assets/js/main.8feb4399.js:4:588516
    at ix (https://docs.getdbt.com/assets/js/main.8feb4399.js:4:588523)
    at x (https://docs.getdbt.com/assets/js/main.8feb4399.js:11:40214)
    at MessagePort.L (https://docs.getdbt.com/assets/js/main.8feb4399.js:11:40744) {componentStack: 
    at u (https://docs.getdbt.com/assets/js/8c673…s.getdbt.com/assets/js/main.8feb4399.js:4:631954), digest: null} @ https://docs.getdbt.com/assets/js/main.8feb4399.js:36
[    1444ms] [ERROR] Docusaurus React Root onRecoverableError: Error: Minified React error #418; visit https://reactjs.org/docs/error-decoder.html?invariant=418 for the full message or use the non-minified dev environment for full errors and additional helpful warnings.
    at ab (https://docs.getdbt.com/assets/js/main.8feb4399.js:4:540905)
    at l (https://docs.getdbt.com/assets/js/main.8feb4399.js:4:615516)
    at iM (https://docs.getdbt.com/assets/js/main.8feb4399.js:4:593467)
    at https://docs.getdbt.com/assets/js/main.8feb4399.js:4:588516
    at ix (https://docs.getdbt.com/assets/js/main.8feb4399.js:4:588523)
    at x (https://docs.getdbt.com/assets/js/main.8feb4399.js:11:40214)
    at MessagePort.L (https://docs.getdbt.com/assets/js/main.8feb4399.js:11:40744) {componentStack: 
    at h2
    at d (https://docs.getdbt.com/asset…s.getdbt.com/assets/js/main.8feb4399.js:4:631954), digest: null} @ https://docs.getdbt.com/assets/js/main.8feb4399.js:36
[    1444ms] [ERROR] Docusaurus React Root onRecoverableError: Error: Minified React error #418; visit https://reactjs.org/docs/error-decoder.html?invariant=418 for the full message or use the non-minified dev environment for full errors and additional helpful warnings.
    at ab (https://docs.getdbt.com/assets/js/main.8feb4399.js:4:540905)
    at l (https://docs.getdbt.com/assets/js/main.8feb4399.js:4:615693)
    at iM (https://docs.getdbt.com/assets/js/main.8feb4399.js:4:593467)
    at https://docs.getdbt.com/assets/js/main.8feb4399.js:4:588516
    at ix (https://docs.getdbt.com/assets/js/main.8feb4399.js:4:588523)
    at x (https://docs.getdbt.com/assets/js/main.8feb4399.js:11:40214)
    at MessagePort.L (https://docs.getdbt.com/assets/js/main.8feb4399.js:11:40744) {componentStack: 
    at u (https://docs.getdbt.com/assets/js/8c673…s.getdbt.com/assets/js/main.8feb4399.js:4:631954), digest: null} @ https://docs.getdbt.com/assets/js/main.8feb4399.js:36
[    1444ms] [ERROR] Docusaurus React Root onRecoverableError: Error: Minified React error #418; visit https://reactjs.org/docs/error-decoder.html?invariant=418 for the full message or use the non-minified dev environment for full errors and additional helpful warnings.
    at ab (https://docs.getdbt.com/assets/js/main.8feb4399.js:4:540905)
    at l (https://docs.getdbt.com/assets/js/main.8feb4399.js:4:615516)
    at iM (https://docs.getdbt.com/assets/js/main.8feb4399.js:4:593467)
    at https://docs.getdbt.com/assets/js/main.8feb4399.js:4:588516
    at ix (https://docs.getdbt.com/assets/js/main.8feb4399.js:4:588523)
    at x (https://docs.getdbt.com/assets/js/main.8feb4399.js:11:40214)
    at MessagePort.L (https://docs.getdbt.com/assets/js/main.8feb4399.js:11:40744) {componentStack: 
    at p
    at u (https://docs.getdbt.com/assets…s.getdbt.com/assets/js/main.8feb4399.js:4:631954), digest: null} @ https://docs.getdbt.com/assets/js/main.8feb4399.js:36
[    1444ms] [ERROR] Docusaurus React Root onRecoverableError: Error: Minified React error #418; visit https://reactjs.org/docs/error-decoder.html?invariant=418 for the full message or use the non-minified dev environment for full errors and additional helpful warnings.
    at ab (https://docs.getdbt.com/assets/js/main.8feb4399.js:4:540905)
    at l (https://docs.getdbt.com/assets/js/main.8feb4399.js:4:615693)
    at iM (https://docs.getdbt.com/assets/js/main.8feb4399.js:4:593467)
    at https://docs.getdbt.com/assets/js/main.8feb4399.js:4:588516
    at ix (https://docs.getdbt.com/assets/js/main.8feb4399.js:4:588523)
    at x (https://docs.getdbt.com/assets/js/main.8feb4399.js:11:40214)
    at MessagePort.L (https://docs.getdbt.com/assets/js/main.8feb4399.js:11:40744) {componentStack: 
    at u (https://docs.getdbt.com/assets/js/8c673…s.getdbt.com/assets/js/main.8feb4399.js:4:631954), digest: null} @ https://docs.getdbt.com/assets/js/main.8feb4399.js:36
[    1444ms] [ERROR] Docusaurus React Root onRecoverableError: Error: Minified React error #418; visit https://reactjs.org/docs/error-decoder.html?invariant=418 for the full message or use the non-minified dev environment for full errors and additional helpful warnings.
    at ab (https://docs.getdbt.com/assets/js/main.8feb4399.js:4:540905)
    at l (https://docs.getdbt.com/assets/js/main.8feb4399.js:4:615516)
    at iM (https://docs.getdbt.com/assets/js/main.8feb4399.js:4:593467)
    at https://docs.getdbt.com/assets/js/main.8feb4399.js:4:588516
    at ix (https://docs.getdbt.com/assets/js/main.8feb4399.js:4:588523)
    at x (https://docs.getdbt.com/assets/js/main.8feb4399.js:11:40214)
    at MessagePort.L (https://docs.getdbt.com/assets/js/main.8feb4399.js:11:40744) {componentStack: 
    at p
    at u (https://docs.getdbt.com/assets…s.getdbt.com/assets/js/main.8feb4399.js:4:631954), digest: null} @ https://docs.getdbt.com/assets/js/main.8feb4399.js:36
[    1444ms] [ERROR] Docusaurus React Root onRecoverableError: Error: Minified React error #418; visit https://reactjs.org/docs/error-decoder.html?invariant=418 for the full message or use the non-minified dev environment for full errors and additional helpful warnings.
    at ab (https://docs.getdbt.com/assets/js/main.8feb4399.js:4:540905)
    at l (https://docs.getdbt.com/assets/js/main.8feb4399.js:4:615693)
    at iM (https://docs.getdbt.com/assets/js/main.8feb4399.js:4:593467)
    at https://docs.getdbt.com/assets/js/main.8feb4399.js:4:588516
    at ix (https://docs.getdbt.com/assets/js/main.8feb4399.js:4:588523)
    at x (https://docs.getdbt.com/assets/js/main.8feb4399.js:11:40214)
    at MessagePort.L (https://docs.getdbt.com/assets/js/main.8feb4399.js:11:40744) {componentStack: 
    at u (https://docs.getdbt.com/assets/js/8c673…s.getdbt.com/assets/js/main.8feb4399.js:4:631954), digest: null} @ https://docs.getdbt.com/assets/js/main.8feb4399.js:36
[    1444ms] [ERROR] Docusaurus React Root onRecoverableError: Error: Minified React error #418; visit https://reactjs.org/docs/error-decoder.html?invariant=418 for the full message or use the non-minified dev environment for full errors and additional helpful warnings.
    at ab (https://docs.getdbt.com/assets/js/main.8feb4399.js:4:540905)
    at l (https://docs.getdbt.com/assets/js/main.8feb4399.js:4:615516)
    at iM (https://docs.getdbt.com/assets/js/main.8feb4399.js:4:593467)
    at https://docs.getdbt.com/assets/js/main.8feb4399.js:4:588516
    at ix (https://docs.getdbt.com/assets/js/main.8feb4399.js:4:588523)
    at x (https://docs.getdbt.com/assets/js/main.8feb4399.js:11:40214)
    at MessagePort.L (https://docs.getdbt.com/assets/js/main.8feb4399.js:11:40744) {componentStack: 
    at p
    at u (https://docs.getdbt.com/assets…s.getdbt.com/assets/js/main.8feb4399.js:4:631954), digest: null} @ https://docs.getdbt.com/assets/js/main.8feb4399.js:36
[    1444ms] [ERROR] Docusaurus React Root onRecoverableError: Error: Minified React error #418; visit https://reactjs.org/docs/error-decoder.html?invariant=418 for the full message or use the non-minified dev environment for full errors and additional helpful warnings.
    at ab (https://docs.getdbt.com/assets/js/main.8feb4399.js:4:540905)
    at l (https://docs.getdbt.com/assets/js/main.8feb4399.js:4:615693)
    at iM (https://docs.getdbt.com/assets/js/main.8feb4399.js:4:593467)
    at https://docs.getdbt.com/assets/js/main.8feb4399.js:4:588516
    at ix (https://docs.getdbt.com/assets/js/main.8feb4399.js:4:588523)
    at x (https://docs.getdbt.com/assets/js/main.8feb4399.js:11:40214)
    at MessagePort.L (https://docs.getdbt.com/assets/js/main.8feb4399.js:11:40744) {componentStack: 
    at u (https://docs.getdbt.com/assets/js/8c673…s.getdbt.com/assets/js/main.8feb4399.js:4:631954), digest: null} @ https://docs.getdbt.com/assets/js/main.8feb4399.js:36
[    1444ms] [ERROR] Docusaurus React Root onRecoverableError: Error: Minified React error #418; visit https://reactjs.org/docs/error-decoder.html?invariant=418 for the full message or use the non-minified dev environment for full errors and additional helpful warnings.
    at ab (https://docs.getdbt.com/assets/js/main.8feb4399.js:4:540905)
    at l (https://docs.getdbt.com/assets/js/main.8feb4399.js:4:615516)
    at iM (https://docs.getdbt.com/assets/js/main.8feb4399.js:4:593467)
    at https://docs.getdbt.com/assets/js/main.8feb4399.js:4:588516
    at ix (https://docs.getdbt.com/assets/js/main.8feb4399.js:4:588523)
    at x (https://docs.getdbt.com/assets/js/main.8feb4399.js:11:40214)
    at MessagePort.L (https://docs.getdbt.com/assets/js/main.8feb4399.js:11:40744) {componentStack: 
    at ul
    at a (https://docs.getdbt.com/asset…s.getdbt.com/assets/js/main.8feb4399.js:4:631954), digest: null} @ https://docs.getdbt.com/assets/js/main.8feb4399.js:36
[    1444ms] [ERROR] Docusaurus React Root onRecoverableError: Error: Minified React error #418; visit https://reactjs.org/docs/error-decoder.html?invariant=418 for the full message or use the non-minified dev environment for full errors and additional helpful warnings.
    at ab (https://docs.getdbt.com/assets/js/main.8feb4399.js:4:540905)
    at l (https://docs.getdbt.com/assets/js/main.8feb4399.js:4:615693)
    at iM (https://docs.getdbt.com/assets/js/main.8feb4399.js:4:593467)
    at https://docs.getdbt.com/assets/js/main.8feb4399.js:4:588516
    at ix (https://docs.getdbt.com/assets/js/main.8feb4399.js:4:588523)
    at x (https://docs.getdbt.com/assets/js/main.8feb4399.js:11:40214)
    at MessagePort.L (https://docs.getdbt.com/assets/js/main.8feb4399.js:11:40744) {componentStack: 
    at u (https://docs.getdbt.com/assets/js/8c673…s.getdbt.com/assets/js/main.8feb4399.js:4:631954), digest: null} @ https://docs.getdbt.com/assets/js/main.8feb4399.js:36
[    1444ms] [ERROR] Docusaurus React Root onRecoverableError: Error: Minified React error #418; visit https://reactjs.org/docs/error-decoder.html?invariant=418 for the full message or use the non-minified dev environment for full errors and additional helpful warnings.
    at ab (https://docs.getdbt.com/assets/js/main.8feb4399.js:4:540905)
    at l (https://docs.getdbt.com/assets/js/main.8feb4399.js:4:615516)
    at iM (https://docs.getdbt.com/assets/js/main.8feb4399.js:4:593467)
    at https://docs.getdbt.com/assets/js/main.8feb4399.js:4:588516
    at ix (https://docs.getdbt.com/assets/js/main.8feb4399.js:4:588523)
    at x (https://docs.getdbt.com/assets/js/main.8feb4399.js:11:40214)
    at MessagePort.L (https://docs.getdbt.com/assets/js/main.8feb4399.js:11:40744) {componentStack: 
    at details
    at Expandable (https://docs.ge…s.getdbt.com/assets/js/main.8feb4399.js:4:631954), digest: null} @ https://docs.getdbt.com/assets/js/main.8feb4399.js:36
[    1445ms] [ERROR] Docusaurus React Root onRecoverableError: Error: Minified React error #418; visit https://reactjs.org/docs/error-decoder.html?invariant=418 for the full message or use the non-minified dev environment for full errors and additional helpful warnings.
    at ab (https://docs.getdbt.com/assets/js/main.8feb4399.js:4:540905)
    at l (https://docs.getdbt.com/assets/js/main.8feb4399.js:4:615693)
    at iM (https://docs.getdbt.com/assets/js/main.8feb4399.js:4:593467)
    at https://docs.getdbt.com/assets/js/main.8feb4399.js:4:588516
    at ix (https://docs.getdbt.com/assets/js/main.8feb4399.js:4:588523)
    at x (https://docs.getdbt.com/assets/js/main.8feb4399.js:11:40214)
    at MessagePort.L (https://docs.getdbt.com/assets/js/main.8feb4399.js:11:40744) {componentStack: 
    at u (https://docs.getdbt.com/assets/js/8c673…s.getdbt.com/assets/js/main.8feb4399.js:4:631954), digest: null} @ https://docs.getdbt.com/assets/js/main.8feb4399.js:36
[    1445ms] [ERROR] Docusaurus React Root onRecoverableError: Error: Minified React error #418; visit https://reactjs.org/docs/error-decoder.html?invariant=418 for the full message or use the non-minified dev environment for full errors and additional helpful warnings.
    at ab (https://docs.getdbt.com/assets/js/main.8feb4399.js:4:540905)
    at l (https://docs.getdbt.com/assets/js/main.8feb4399.js:4:615516)
    at iM (https://docs.getdbt.com/assets/js/main.8feb4399.js:4:593467)
    at https://docs.getdbt.com/assets/js/main.8feb4399.js:4:588516
    at ix (https://docs.getdbt.com/assets/js/main.8feb4399.js:4:588523)
    at x (https://docs.getdbt.com/assets/js/main.8feb4399.js:11:40214)
    at MessagePort.L (https://docs.getdbt.com/assets/js/main.8feb4399.js:11:40744) {componentStack: 
    at details
    at Expandable (https://docs.ge…s.getdbt.com/assets/js/main.8feb4399.js:4:631954), digest: null} @ https://docs.getdbt.com/assets/js/main.8feb4399.js:36
[    1445ms] [ERROR] Docusaurus React Root onRecoverableError: Error: Minified React error #418; visit https://reactjs.org/docs/error-decoder.html?invariant=418 for the full message or use the non-minified dev environment for full errors and additional helpful warnings.
    at ab (https://docs.getdbt.com/assets/js/main.8feb4399.js:4:540905)
    at l (https://docs.getdbt.com/assets/js/main.8feb4399.js:4:615693)
    at iM (https://docs.getdbt.com/assets/js/main.8feb4399.js:4:593467)
    at https://docs.getdbt.com/assets/js/main.8feb4399.js:4:588516
    at ix (https://docs.getdbt.com/assets/js/main.8feb4399.js:4:588523)
    at x (https://docs.getdbt.com/assets/js/main.8feb4399.js:11:40214)
    at MessagePort.L (https://docs.getdbt.com/assets/js/main.8feb4399.js:11:40744) {componentStack: 
    at u (https://docs.getdbt.com/assets/js/8c673…s.getdbt.com/assets/js/main.8feb4399.js:4:631954), digest: null} @ https://docs.getdbt.com/assets/js/main.8feb4399.js:36
[    1445ms] [ERROR] Docusaurus React Root onRecoverableError: Error: Minified React error #418; visit https://reactjs.org/docs/error-decoder.html?invariant=418 for the full message or use the non-minified dev environment for full errors and additional helpful warnings.
    at ab (https://docs.getdbt.com/assets/js/main.8feb4399.js:4:540905)
    at l (https://docs.getdbt.com/assets/js/main.8feb4399.js:4:615516)
    at iM (https://docs.getdbt.com/assets/js/main.8feb4399.js:4:593467)
    at https://docs.getdbt.com/assets/js/main.8feb4399.js:4:588516
    at ix (https://docs.getdbt.com/assets/js/main.8feb4399.js:4:588523)
    at x (https://docs.getdbt.com/assets/js/main.8feb4399.js:11:40214)
    at MessagePort.L (https://docs.getdbt.com/assets/js/main.8feb4399.js:11:40744) {componentStack: 
    at details
    at Expandable (https://docs.ge…s.getdbt.com/assets/js/main.8feb4399.js:4:631954), digest: null} @ https://docs.getdbt.com/assets/js/main.8feb4399.js:36
[    1445ms] [ERROR] Docusaurus React Root onRecoverableError: Error: Minified React error #418; visit https://reactjs.org/docs/error-decoder.html?invariant=418 for the full message or use the non-minified dev environment for full errors and additional helpful warnings.
    at ab (https://docs.getdbt.com/assets/js/main.8feb4399.js:4:540905)
    at l (https://docs.getdbt.com/assets/js/main.8feb4399.js:4:615693)
    at iM (https://docs.getdbt.com/assets/js/main.8feb4399.js:4:593467)
    at https://docs.getdbt.com/assets/js/main.8feb4399.js:4:588516
    at ix (https://docs.getdbt.com/assets/js/main.8feb4399.js:4:588523)
    at x (https://docs.getdbt.com/assets/js/main.8feb4399.js:11:40214)
    at MessagePort.L (https://docs.getdbt.com/assets/js/main.8feb4399.js:11:40744) {componentStack: 
    at u (https://docs.getdbt.com/assets/js/8c673…s.getdbt.com/assets/js/main.8feb4399.js:4:631954), digest: null} @ https://docs.getdbt.com/assets/js/main.8feb4399.js:36
[    1445ms] [ERROR] Docusaurus React Root onRecoverableError: Error: Minified React error #418; visit https://reactjs.org/docs/error-decoder.html?invariant=418 for the full message or use the non-minified dev environment for full errors and additional helpful warnings.
    at ab (https://docs.getdbt.com/assets/js/main.8feb4399.js:4:540905)
    at l (https://docs.getdbt.com/assets/js/main.8feb4399.js:4:615516)
    at iM (https://docs.getdbt.com/assets/js/main.8feb4399.js:4:593467)
    at https://docs.getdbt.com/assets/js/main.8feb4399.js:4:588516
    at ix (https://docs.getdbt.com/assets/js/main.8feb4399.js:4:588523)
    at x (https://docs.getdbt.com/assets/js/main.8feb4399.js:11:40214)
    at MessagePort.L (https://docs.getdbt.com/assets/js/main.8feb4399.js:11:40744) {componentStack: 
    at details
    at Expandable (https://docs.ge…s.getdbt.com/assets/js/main.8feb4399.js:4:631954), digest: null} @ https://docs.getdbt.com/assets/js/main.8feb4399.js:36
[    1445ms] [ERROR] Docusaurus React Root onRecoverableError: Error: Minified React error #418; visit https://reactjs.org/docs/error-decoder.html?invariant=418 for the full message or use the non-minified dev environment for full errors and additional helpful warnings.
    at ab (https://docs.getdbt.com/assets/js/main.8feb4399.js:4:540905)
    at l (https://docs.getdbt.com/assets/js/main.8feb4399.js:4:615693)
    at iM (https://docs.getdbt.com/assets/js/main.8feb4399.js:4:593467)
    at https://docs.getdbt.com/assets/js/main.8feb4399.js:4:588516
    at ix (https://docs.getdbt.com/assets/js/main.8feb4399.js:4:588523)
    at x (https://docs.getdbt.com/assets/js/main.8feb4399.js:11:40214)
    at MessagePort.L (https://docs.getdbt.com/assets/js/main.8feb4399.js:11:40744) {componentStack: 
    at u (https://docs.getdbt.com/assets/js/8c673…s.getdbt.com/assets/js/main.8feb4399.js:4:631954), digest: null} @ https://docs.getdbt.com/assets/js/main.8feb4399.js:36
[    1445ms] [ERROR] Docusaurus React Root onRecoverableError: Error: Minified React error #418; visit https://reactjs.org/docs/error-decoder.html?invariant=418 for the full message or use the non-minified dev environment for full errors and additional helpful warnings.
    at ab (https://docs.getdbt.com/assets/js/main.8feb4399.js:4:540905)
    at l (https://docs.getdbt.com/assets/js/main.8feb4399.js:4:615516)
    at iM (https://docs.getdbt.com/assets/js/main.8feb4399.js:4:593467)
    at https://docs.getdbt.com/assets/js/main.8feb4399.js:4:588516
    at ix (https://docs.getdbt.com/assets/js/main.8feb4399.js:4:588523)
    at x (https://docs.getdbt.com/assets/js/main.8feb4399.js:11:40214)
    at MessagePort.L (https://docs.getdbt.com/assets/js/main.8feb4399.js:11:40744) {componentStack: 
    at h3
    at d (https://docs.getdbt.com/asset…s.getdbt.com/assets/js/main.8feb4399.js:4:631954), digest: null} @ https://docs.getdbt.com/assets/js/main.8feb4399.js:36
[    1445ms] [ERROR] Docusaurus React Root onRecoverableError: Error: Minified React error #418; visit https://reactjs.org/docs/error-decoder.html?invariant=418 for the full message or use the non-minified dev environment for full errors and additional helpful warnings.
    at ab (https://docs.getdbt.com/assets/js/main.8feb4399.js:4:540905)
    at l (https://docs.getdbt.com/assets/js/main.8feb4399.js:4:615693)
    at iM (https://docs.getdbt.com/assets/js/main.8feb4399.js:4:593467)
    at https://docs.getdbt.com/assets/js/main.8feb4399.js:4:588516
    at ix (https://docs.getdbt.com/assets/js/main.8feb4399.js:4:588523)
    at x (https://docs.getdbt.com/assets/js/main.8feb4399.js:11:40214)
    at MessagePort.L (https://docs.getdbt.com/assets/js/main.8feb4399.js:11:40744) {componentStack: 
    at u (https://docs.getdbt.com/assets/js/8c673…s.getdbt.com/assets/js/main.8feb4399.js:4:631954), digest: null} @ https://docs.getdbt.com/assets/js/main.8feb4399.js:36
[    1445ms] [ERROR] Docusaurus React Root onRecoverableError: Error: Minified React error #418; visit https://reactjs.org/docs/error-decoder.html?invariant=418 for the full message or use the non-minified dev environment for full errors and additional helpful warnings.
    at ab (https://docs.getdbt.com/assets/js/main.8feb4399.js:4:540905)
    at l (https://docs.getdbt.com/assets/js/main.8feb4399.js:4:615516)
    at iM (https://docs.getdbt.com/assets/js/main.8feb4399.js:4:593467)
    at https://docs.getdbt.com/assets/js/main.8feb4399.js:4:588516
    at ix (https://docs.getdbt.com/assets/js/main.8feb4399.js:4:588523)
    at x (https://docs.getdbt.com/assets/js/main.8feb4399.js:11:40214)
    at MessagePort.L (https://docs.getdbt.com/assets/js/main.8feb4399.js:11:40744) {componentStack: 
    at p
    at u (https://docs.getdbt.com/assets…s.getdbt.com/assets/js/main.8feb4399.js:4:631954), digest: null} @ https://docs.getdbt.com/assets/js/main.8feb4399.js:36
[    1445ms] [ERROR] Docusaurus React Root onRecoverableError: Error: Minified React error #418; visit https://reactjs.org/docs/error-decoder.html?invariant=418 for the full message or use the non-minified dev environment for full errors and additional helpful warnings.
    at ab (https://docs.getdbt.com/assets/js/main.8feb4399.js:4:540905)
    at l (https://docs.getdbt.com/assets/js/main.8feb4399.js:4:615693)
    at iM (https://docs.getdbt.com/assets/js/main.8feb4399.js:4:593467)
    at https://docs.getdbt.com/assets/js/main.8feb4399.js:4:588516
    at ix (https://docs.getdbt.com/assets/js/main.8feb4399.js:4:588523)
    at x (https://docs.getdbt.com/assets/js/main.8feb4399.js:11:40214)
    at MessagePort.L (https://docs.getdbt.com/assets/js/main.8feb4399.js:11:40744) {componentStack: 
    at u (https://docs.getdbt.com/assets/js/8c673…s.getdbt.com/assets/js/main.8feb4399.js:4:631954), digest: null} @ https://docs.getdbt.com/assets/js/main.8feb4399.js:36
[    1445ms] [ERROR] Docusaurus React Root onRecoverableError: Error: Minified React error #418; visit https://reactjs.org/docs/error-decoder.html?invariant=418 for the full message or use the non-minified dev environment for full errors and additional helpful warnings.
    at ab (https://docs.getdbt.com/assets/js/main.8feb4399.js:4:540905)
    at l (https://docs.getdbt.com/assets/js/main.8feb4399.js:4:615516)
    at iM (https://docs.getdbt.com/assets/js/main.8feb4399.js:4:593467)
    at https://docs.getdbt.com/assets/js/main.8feb4399.js:4:588516
    at ix (https://docs.getdbt.com/assets/js/main.8feb4399.js:4:588523)
    at x (https://docs.getdbt.com/assets/js/main.8feb4399.js:11:40214)
    at MessagePort.L (https://docs.getdbt.com/assets/js/main.8feb4399.js:11:40744) {componentStack: 
    at ol
    at u (https://docs.getdbt.com/asset…s.getdbt.com/assets/js/main.8feb4399.js:4:631954), digest: null} @ https://docs.getdbt.com/assets/js/main.8feb4399.js:36
[    1445ms] [ERROR] Docusaurus React Root onRecoverableError: Error: Minified React error #418; visit https://reactjs.org/docs/error-decoder.html?invariant=418 for the full message or use the non-minified dev environment for full errors and additional helpful warnings.
    at ab (https://docs.getdbt.com/assets/js/main.8feb4399.js:4:540905)
    at l (https://docs.getdbt.com/assets/js/main.8feb4399.js:4:615693)
    at iM (https://docs.getdbt.com/assets/js/main.8feb4399.js:4:593467)
    at https://docs.getdbt.com/assets/js/main.8feb4399.js:4:588516
    at ix (https://docs.getdbt.com/assets/js/main.8feb4399.js:4:588523)
    at x (https://docs.getdbt.com/assets/js/main.8feb4399.js:11:40214)
    at MessagePort.L (https://docs.getdbt.com/assets/js/main.8feb4399.js:11:40744) {componentStack: 
    at u (https://docs.getdbt.com/assets/js/8c673…s.getdbt.com/assets/js/main.8feb4399.js:4:631954), digest: null} @ https://docs.getdbt.com/assets/js/main.8feb4399.js:36
[    1445ms] [ERROR] Docusaurus React Root onRecoverableError: Error: Minified React error #418; visit https://reactjs.org/docs/error-decoder.html?invariant=418 for the full message or use the non-minified dev environment for full errors and additional helpful warnings.
    at ab (https://docs.getdbt.com/assets/js/main.8feb4399.js:4:540905)
    at l (https://docs.getdbt.com/assets/js/main.8feb4399.js:4:615516)
    at iM (https://docs.getdbt.com/assets/js/main.8feb4399.js:4:593467)
    at https://docs.getdbt.com/assets/js/main.8feb4399.js:4:588516
    at ix (https://docs.getdbt.com/assets/js/main.8feb4399.js:4:588523)
    at x (https://docs.getdbt.com/assets/js/main.8feb4399.js:11:40214)
    at MessagePort.L (https://docs.getdbt.com/assets/js/main.8feb4399.js:11:40744) {componentStack: 
    at p
    at u (https://docs.getdbt.com/assets…s.getdbt.com/assets/js/main.8feb4399.js:4:631954), digest: null} @ https://docs.getdbt.com/assets/js/main.8feb4399.js:36
[    1446ms] [ERROR] Docusaurus React Root onRecoverableError: Error: Minified React error #418; visit https://reactjs.org/docs/error-decoder.html?invariant=418 for the full message or use the non-minified dev environment for full errors and additional helpful warnings.
    at ab (https://docs.getdbt.com/assets/js/main.8feb4399.js:4:540905)
    at l (https://docs.getdbt.com/assets/js/main.8feb4399.js:4:615693)
    at iM (https://docs.getdbt.com/assets/js/main.8feb4399.js:4:593467)
    at https://docs.getdbt.com/assets/js/main.8feb4399.js:4:588516
    at ix (https://docs.getdbt.com/assets/js/main.8feb4399.js:4:588523)
    at x (https://docs.getdbt.com/assets/js/main.8feb4399.js:11:40214)
    at MessagePort.L (https://docs.getdbt.com/assets/js/main.8feb4399.js:11:40744) {componentStack: 
    at u (https://docs.getdbt.com/assets/js/8c673…s.getdbt.com/assets/js/main.8feb4399.js:4:631954), digest: null} @ https://docs.getdbt.com/assets/js/main.8feb4399.js:36
[    1446ms] [ERROR] Docusaurus React Root onRecoverableError: Error: Minified React error #418; visit https://reactjs.org/docs/error-decoder.html?invariant=418 for the full message or use the non-minified dev environment for full errors and additional helpful warnings.
    at ab (https://docs.getdbt.com/assets/js/main.8feb4399.js:4:540905)
    at l (https://docs.getdbt.com/assets/js/main.8feb4399.js:4:615516)
    at iM (https://docs.getdbt.com/assets/js/main.8feb4399.js:4:593467)
    at https://docs.getdbt.com/assets/js/main.8feb4399.js:4:588516
    at ix (https://docs.getdbt.com/assets/js/main.8feb4399.js:4:588523)
    at x (https://docs.getdbt.com/assets/js/main.8feb4399.js:11:40214)
    at MessagePort.L (https://docs.getdbt.com/assets/js/main.8feb4399.js:11:40744) {componentStack: 
    at div
    at DocCarousel (https://docs.getdb…s.getdbt.com/assets/js/main.8feb4399.js:4:631954), digest: null} @ https://docs.getdbt.com/assets/js/main.8feb4399.js:36
[    1446ms] [ERROR] Docusaurus React Root onRecoverableError: Error: Minified React error #418; visit https://reactjs.org/docs/error-decoder.html?invariant=418 for the full message or use the non-minified dev environment for full errors and additional helpful warnings.
    at ab (https://docs.getdbt.com/assets/js/main.8feb4399.js:4:540905)
    at l (https://docs.getdbt.com/assets/js/main.8feb4399.js:4:615693)
    at iM (https://docs.getdbt.com/assets/js/main.8feb4399.js:4:593467)
    at https://docs.getdbt.com/assets/js/main.8feb4399.js:4:588516
    at ix (https://docs.getdbt.com/assets/js/main.8feb4399.js:4:588523)
    at x (https://docs.getdbt.com/assets/js/main.8feb4399.js:11:40214)
    at MessagePort.L (https://docs.getdbt.com/assets/js/main.8feb4399.js:11:40744) {componentStack: 
    at u (https://docs.getdbt.com/assets/js/8c673…s.getdbt.com/assets/js/main.8feb4399.js:4:631954), digest: null} @ https://docs.getdbt.com/assets/js/main.8feb4399.js:36
[    1446ms] [ERROR] Docusaurus React Root onRecoverableError: Error: Minified React error #418; visit https://reactjs.org/docs/error-decoder.html?invariant=418 for the full message or use the non-minified dev environment for full errors and additional helpful warnings.
    at ab (https://docs.getdbt.com/assets/js/main.8feb4399.js:4:540905)
    at l (https://docs.getdbt.com/assets/js/main.8feb4399.js:4:615516)
    at iM (https://docs.getdbt.com/assets/js/main.8feb4399.js:4:593467)
    at https://docs.getdbt.com/assets/js/main.8feb4399.js:4:588516
    at ix (https://docs.getdbt.com/assets/js/main.8feb4399.js:4:588523)
    at x (https://docs.getdbt.com/assets/js/main.8feb4399.js:11:40214)
    at MessagePort.L (https://docs.getdbt.com/assets/js/main.8feb4399.js:11:40744) {componentStack: 
    at h2
    at d (https://docs.getdbt.com/asset…s.getdbt.com/assets/js/main.8feb4399.js:4:631954), digest: null} @ https://docs.getdbt.com/assets/js/main.8feb4399.js:36
[    1446ms] [ERROR] Docusaurus React Root onRecoverableError: Error: Minified React error #418; visit https://reactjs.org/docs/error-decoder.html?invariant=418 for the full message or use the non-minified dev environment for full errors and additional helpful warnings.
    at ab (https://docs.getdbt.com/assets/js/main.8feb4399.js:4:540905)
    at l (https://docs.getdbt.com/assets/js/main.8feb4399.js:4:615693)
    at iM (https://docs.getdbt.com/assets/js/main.8feb4399.js:4:593467)
    at https://docs.getdbt.com/assets/js/main.8feb4399.js:4:588516
    at ix (https://docs.getdbt.com/assets/js/main.8feb4399.js:4:588523)
    at x (https://docs.getdbt.com/assets/js/main.8feb4399.js:11:40214)
    at MessagePort.L (https://docs.getdbt.com/assets/js/main.8feb4399.js:11:40744) {componentStack: 
    at u (https://docs.getdbt.com/assets/js/8c673…s.getdbt.com/assets/js/main.8feb4399.js:4:631954), digest: null} @ https://docs.getdbt.com/assets/js/main.8feb4399.js:36
[    1446ms] [ERROR] Docusaurus React Root onRecoverableError: Error: Minified React error #418; visit https://reactjs.org/docs/error-decoder.html?invariant=418 for the full message or use the non-minified dev environment for full errors and additional helpful warnings.
    at ab (https://docs.getdbt.com/assets/js/main.8feb4399.js:4:540905)
    at l (https://docs.getdbt.com/assets/js/main.8feb4399.js:4:615516)
    at iM (https://docs.getdbt.com/assets/js/main.8feb4399.js:4:593467)
    at https://docs.getdbt.com/assets/js/main.8feb4399.js:4:588516
    at ix (https://docs.getdbt.com/assets/js/main.8feb4399.js:4:588523)
    at x (https://docs.getdbt.com/assets/js/main.8feb4399.js:11:40214)
    at MessagePort.L (https://docs.getdbt.com/assets/js/main.8feb4399.js:11:40744) {componentStack: 
    at p
    at u (https://docs.getdbt.com/assets…s.getdbt.com/assets/js/main.8feb4399.js:4:631954), digest: null} @ https://docs.getdbt.com/assets/js/main.8feb4399.js:36
[    1446ms] [ERROR] Docusaurus React Root onRecoverableError: Error: Minified React error #418; visit https://reactjs.org/docs/error-decoder.html?invariant=418 for the full message or use the non-minified dev environment for full errors and additional helpful warnings.
    at ab (https://docs.getdbt.com/assets/js/main.8feb4399.js:4:540905)
    at l (https://docs.getdbt.com/assets/js/main.8feb4399.js:4:615693)
    at iM (https://docs.getdbt.com/assets/js/main.8feb4399.js:4:593467)
    at https://docs.getdbt.com/assets/js/main.8feb4399.js:4:588516
    at ix (https://docs.getdbt.com/assets/js/main.8feb4399.js:4:588523)
    at x (https://docs.getdbt.com/assets/js/main.8feb4399.js:11:40214)
    at MessagePort.L (https://docs.getdbt.com/assets/js/main.8feb4399.js:11:40744) {componentStack: 
    at u (https://docs.getdbt.com/assets/js/8c673…s.getdbt.com/assets/js/main.8feb4399.js:4:631954), digest: null} @ https://docs.getdbt.com/assets/js/main.8feb4399.js:36
[    1446ms] [ERROR] Docusaurus React Root onRecoverableError: Error: Minified React error #418; visit https://reactjs.org/docs/error-decoder.html?invariant=418 for the full message or use the non-minified dev environment for full errors and additional helpful warnings.
    at ab (https://docs.getdbt.com/assets/js/main.8feb4399.js:4:540905)
    at l (https://docs.getdbt.com/assets/js/main.8feb4399.js:4:615516)
    at iM (https://docs.getdbt.com/assets/js/main.8feb4399.js:4:593467)
    at https://docs.getdbt.com/assets/js/main.8feb4399.js:4:588516
    at ix (https://docs.getdbt.com/assets/js/main.8feb4399.js:4:588523)
    at x (https://docs.getdbt.com/assets/js/main.8feb4399.js:11:40214)
    at MessagePort.L (https://docs.getdbt.com/assets/js/main.8feb4399.js:11:40744) {componentStack: 
    at p
    at u (https://docs.getdbt.com/assets…s.getdbt.com/assets/js/main.8feb4399.js:4:631954), digest: null} @ https://docs.getdbt.com/assets/js/main.8feb4399.js:36
[    1446ms] [ERROR] Docusaurus React Root onRecoverableError: Error: Minified React error #418; visit https://reactjs.org/docs/error-decoder.html?invariant=418 for the full message or use the non-minified dev environment for full errors and additional helpful warnings.
    at ab (https://docs.getdbt.com/assets/js/main.8feb4399.js:4:540905)
    at l (https://docs.getdbt.com/assets/js/main.8feb4399.js:4:615693)
    at iM (https://docs.getdbt.com/assets/js/main.8feb4399.js:4:593467)
    at https://docs.getdbt.com/assets/js/main.8feb4399.js:4:588516
    at ix (https://docs.getdbt.com/assets/js/main.8feb4399.js:4:588523)
    at x (https://docs.getdbt.com/assets/js/main.8feb4399.js:11:40214)
    at MessagePort.L (https://docs.getdbt.com/assets/js/main.8feb4399.js:11:40744) {componentStack: 
    at u (https://docs.getdbt.com/assets/js/8c673…s.getdbt.com/assets/js/main.8feb4399.js:4:631954), digest: null} @ https://docs.getdbt.com/assets/js/main.8feb4399.js:36
[    1446ms] [ERROR] Docusaurus React Root onRecoverableError: Error: Minified React error #418; visit https://reactjs.org/docs/error-decoder.html?invariant=418 for the full message or use the non-minified dev environment for full errors and additional helpful warnings.
    at ab (https://docs.getdbt.com/assets/js/main.8feb4399.js:4:540905)
    at l (https://docs.getdbt.com/assets/js/main.8feb4399.js:4:615516)
    at iM (https://docs.getdbt.com/assets/js/main.8feb4399.js:4:593467)
    at https://docs.getdbt.com/assets/js/main.8feb4399.js:4:588516
    at ix (https://docs.getdbt.com/assets/js/main.8feb4399.js:4:588523)
    at x (https://docs.getdbt.com/assets/js/main.8feb4399.js:11:40214)
    at MessagePort.L (https://docs.getdbt.com/assets/js/main.8feb4399.js:11:40744) {componentStack: 
    at h2
    at d (https://docs.getdbt.com/asset…s.getdbt.com/assets/js/main.8feb4399.js:4:631954), digest: null} @ https://docs.getdbt.com/assets/js/main.8feb4399.js:36
[    1446ms] [ERROR] Docusaurus React Root onRecoverableError: Error: Minified React error #418; visit https://reactjs.org/docs/error-decoder.html?invariant=418 for the full message or use the non-minified dev environment for full errors and additional helpful warnings.
    at ab (https://docs.getdbt.com/assets/js/main.8feb4399.js:4:540905)
    at l (https://docs.getdbt.com/assets/js/main.8feb4399.js:4:615693)
    at iM (https://docs.getdbt.com/assets/js/main.8feb4399.js:4:593467)
    at https://docs.getdbt.com/assets/js/main.8feb4399.js:4:588516
    at ix (https://docs.getdbt.com/assets/js/main.8feb4399.js:4:588523)
    at x (https://docs.getdbt.com/assets/js/main.8feb4399.js:11:40214)
    at MessagePort.L (https://docs.getdbt.com/assets/js/main.8feb4399.js:11:40744) {componentStack: 
    at u (https://docs.getdbt.com/assets/js/8c673…s.getdbt.com/assets/js/main.8feb4399.js:4:631954), digest: null} @ https://docs.getdbt.com/assets/js/main.8feb4399.js:36
[    1446ms] [ERROR] Docusaurus React Root onRecoverableError: Error: Minified React error #418; visit https://reactjs.org/docs/error-decoder.html?invariant=418 for the full message or use the non-minified dev environment for full errors and additional helpful warnings.
    at ab (https://docs.getdbt.com/assets/js/main.8feb4399.js:4:540905)
    at l (https://docs.getdbt.com/assets/js/main.8feb4399.js:4:615516)
    at iM (https://docs.getdbt.com/assets/js/main.8feb4399.js:4:593467)
    at https://docs.getdbt.com/assets/js/main.8feb4399.js:4:588516
    at ix (https://docs.getdbt.com/assets/js/main.8feb4399.js:4:588523)
    at x (https://docs.getdbt.com/assets/js/main.8feb4399.js:11:40214)
    at MessagePort.L (https://docs.getdbt.com/assets/js/main.8feb4399.js:11:40744) {componentStack: 
    at ul
    at a (https://docs.getdbt.com/asset…s.getdbt.com/assets/js/main.8feb4399.js:4:631954), digest: null} @ https://docs.getdbt.com/assets/js/main.8feb4399.js:36
[    1447ms] [ERROR] Docusaurus React Root onRecoverableError: Error: Minified React error #418; visit https://reactjs.org/docs/error-decoder.html?invariant=418 for the full message or use the non-minified dev environment for full errors and additional helpful warnings.
    at ab (https://docs.getdbt.com/assets/js/main.8feb4399.js:4:540905)
    at l (https://docs.getdbt.com/assets/js/main.8feb4399.js:4:615516)
    at iM (https://docs.getdbt.com/assets/js/main.8feb4399.js:4:593467)
    at https://docs.getdbt.com/assets/js/main.8feb4399.js:4:588516
    at ix (https://docs.getdbt.com/assets/js/main.8feb4399.js:4:588523)
    at x (https://docs.getdbt.com/assets/js/main.8feb4399.js:11:40214)
    at MessagePort.L (https://docs.getdbt.com/assets/js/main.8feb4399.js:11:40744) {componentStack: 
    at div
    at k (https://docs.getdbt.com/asse…s.getdbt.com/assets/js/main.8feb4399.js:4:631954), digest: null} @ https://docs.getdbt.com/assets/js/main.8feb4399.js:36
[    1447ms] [ERROR] Docusaurus React Root onRecoverableError: Error: Minified React error #418; visit https://reactjs.org/docs/error-decoder.html?invariant=418 for the full message or use the non-minified dev environment for full errors and additional helpful warnings.
    at ab (https://docs.getdbt.com/assets/js/main.8feb4399.js:4:540905)
    at l (https://docs.getdbt.com/assets/js/main.8feb4399.js:4:615516)
    at iM (https://docs.getdbt.com/assets/js/main.8feb4399.js:4:593467)
    at https://docs.getdbt.com/assets/js/main.8feb4399.js:4:588516
    at ix (https://docs.getdbt.com/assets/js/main.8feb4399.js:4:588523)
    at x (https://docs.getdbt.com/assets/js/main.8feb4399.js:11:40214)
    at MessagePort.L (https://docs.getdbt.com/assets/js/main.8feb4399.js:11:40744) {componentStack: 
    at div
    at O (https://docs.getdbt.com/asse…s.getdbt.com/assets/js/main.8feb4399.js:4:631954), digest: null} @ https://docs.getdbt.com/assets/js/main.8feb4399.js:36
[    1447ms] [ERROR] Docusaurus React Root onRecoverableError: Error: Minified React error #418; visit https://reactjs.org/docs/error-decoder.html?invariant=418 for the full message or use the non-minified dev environment for full errors and additional helpful warnings.
    at ab (https://docs.getdbt.com/assets/js/main.8feb4399.js:4:540905)
    at l (https://docs.getdbt.com/assets/js/main.8feb4399.js:4:615516)
    at iM (https://docs.getdbt.com/assets/js/main.8feb4399.js:4:593467)
    at https://docs.getdbt.com/assets/js/main.8feb4399.js:4:588516
    at ix (https://docs.getdbt.com/assets/js/main.8feb4399.js:4:588523)
    at x (https://docs.getdbt.com/assets/js/main.8feb4399.js:11:40214)
    at MessagePort.L (https://docs.getdbt.com/assets/js/main.8feb4399.js:11:40744) {componentStack: 
    at footer
    at c (https://docs.getdbt.com/a…s.getdbt.com/assets/js/main.8feb4399.js:4:631954), digest: null} @ https://docs.getdbt.com/assets/js/main.8feb4399.js:36
[    1447ms] [ERROR] Docusaurus React Root onRecoverableError: Error: Minified React error #418; visit https://reactjs.org/docs/error-decoder.html?invariant=418 for the full message or use the non-minified dev environment for full errors and additional helpful warnings.
    at ab (https://docs.getdbt.com/assets/js/main.8feb4399.js:4:540905)
    at l (https://docs.getdbt.com/assets/js/main.8feb4399.js:4:615516)
    at iM (https://docs.getdbt.com/assets/js/main.8feb4399.js:4:593467)
    at https://docs.getdbt.com/assets/js/main.8feb4399.js:4:588516
    at ix (https://docs.getdbt.com/assets/js/main.8feb4399.js:4:588523)
    at x (https://docs.getdbt.com/assets/js/main.8feb4399.js:11:40214)
    at MessagePort.L (https://docs.getdbt.com/assets/js/main.8feb4399.js:11:40744) {componentStack: 
    at nav
    at i (https://docs.getdbt.com/asse…s.getdbt.com/assets/js/main.8feb4399.js:4:631954), digest: null} @ https://docs.getdbt.com/assets/js/main.8feb4399.js:36
[    1447ms] [ERROR] Docusaurus React Root onRecoverableError: Error: Minified React error #418; visit https://reactjs.org/docs/error-decoder.html?invariant=418 for the full message or use the non-minified dev environment for full errors and additional helpful warnings.
    at ab (https://docs.getdbt.com/assets/js/main.8feb4399.js:4:540905)
    at l (https://docs.getdbt.com/assets/js/main.8feb4399.js:4:615516)
    at iM (https://docs.getdbt.com/assets/js/main.8feb4399.js:4:593467)
    at https://docs.getdbt.com/assets/js/main.8feb4399.js:4:588516
    at ix (https://docs.getdbt.com/assets/js/main.8feb4399.js:4:588523)
    at x (https://docs.getdbt.com/assets/js/main.8feb4399.js:11:40214)
    at MessagePort.L (https://docs.getdbt.com/assets/js/main.8feb4399.js:11:40744) {componentStack: 
    at div
    at div
    at Q (https://docs.getd…s.getdbt.com/assets/js/main.8feb4399.js:4:631954), digest: null} @ https://docs.getdbt.com/assets/js/main.8feb4399.js:36
[    1447ms] [ERROR] Docusaurus React Root onRecoverableError: Error: Minified React error #418; visit https://reactjs.org/docs/error-decoder.html?invariant=418 for the full message or use the non-minified dev environment for full errors and additional helpful warnings.
    at ab (https://docs.getdbt.com/assets/js/main.8feb4399.js:4:540905)
    at l (https://docs.getdbt.com/assets/js/main.8feb4399.js:4:615516)
    at iM (https://docs.getdbt.com/assets/js/main.8feb4399.js:4:593467)
    at https://docs.getdbt.com/assets/js/main.8feb4399.js:4:588516
    at ix (https://docs.getdbt.com/assets/js/main.8feb4399.js:4:588523)
    at x (https://docs.getdbt.com/assets/js/main.8feb4399.js:11:40214)
    at MessagePort.L (https://docs.getdbt.com/assets/js/main.8feb4399.js:11:40744) {componentStack: 
    at footer
    at na (https://docs.getdbt.com/…s.getdbt.com/assets/js/main.8feb4399.js:4:631954), digest: null} @ https://docs.getdbt.com/assets/js/main.8feb4399.js:36
[    1447ms] [ERROR] Docusaurus React Root onRecoverableError: Error: Minified React error #423; visit https://reactjs.org/docs/error-decoder.html?invariant=423 for the full message or use the non-minified dev environment for full errors and additional helpful warnings.
    at l (https://docs.getdbt.com/assets/js/main.8feb4399.js:4:615180)
    at iM (https://docs.getdbt.com/assets/js/main.8feb4399.js:4:593467)
    at https://docs.getdbt.com/assets/js/main.8feb4399.js:4:593334
    at iO (https://docs.getdbt.com/assets/js/main.8feb4399.js:4:593341)
    at iS (https://docs.getdbt.com/assets/js/main.8feb4399.js:4:590093)
    at ix (https://docs.getdbt.com/assets/js/main.8feb4399.js:4:588648)
    at x (https://docs.getdbt.com/assets/js/main.8feb4399.js:11:40214)
    at MessagePort.L (https://docs.getdbt.com/assets/js/main.8feb4399.js:11:40744) {componentStack: , digest: null} @ https://docs.getdbt.com/assets/js/main.8feb4399.js:36
